Strains;HPI;Species;Collection;Coll2
2;yes;Yersinia pestis;Rascovan;Rascovan
5;yes;Yersinia pestis;Rascovan;Rascovan
7;yes;Yersinia pestis;Rascovan;Rascovan
9;yes;Yersinia pestis;Rascovan;Rascovan
12;yes;Yersinia pestis;Rascovan;Rascovan
91;no;Yersinia pestis;Rascovan;Rascovan
164;yes;Yersinia pestis;Rascovan;Rascovan
735;no;Yersinia pestis;Rascovan;Rascovan
945;yes;Yersinia pestis;Rascovan;Rascovan
2330;no;Yersinia pestis;Rascovan;Rascovan
2504;yes;Yersinia pestis;Rascovan;Rascovan
2506;yes;Yersinia pestis;Rascovan;Rascovan
2654;no;Yersinia pestis;Rascovan;Rascovan
5761;no;Yersinia pestis;Rascovan;Rascovan
7338;no;Yersinia pestis;Rascovan;Rascovan
30017;yes;Yersinia pestis;Rascovan;Rascovan
34008;yes;Yersinia pestis;Rascovan;Rascovan
34202;> 7 contigs;Yersinia pestis;Rascovan;Rascovan
42013;yes;Yersinia pestis;Rascovan;Rascovan
42082;yes;Yersinia pestis;Rascovan;Rascovan
42091;yes;Yersinia pestis;Rascovan;Rascovan
42095;> 7 contigs;Yersinia pestis;Rascovan;Rascovan
71021;yes;Yersinia pestis;Rascovan;Rascovan
351001;yes;Yersinia pestis;Rascovan;Rascovan
620024;yes;Yersinia pestis;Rascovan;Rascovan
710317;> 7 contigs;Yersinia pestis;Rascovan;Rascovan
780441;yes;Yersinia pestis;Rascovan;Rascovan
970754;yes;Yersinia pestis;Rascovan;Rascovan
001-001-P1;no;Escherichia coli;GWAS;Coliville
001-001-P2;yes;Escherichia coli;GWAS;Coliville
001-002;no;Escherichia coli;GWAS;Coliville
001-003-cb;yes;Escherichia coli;GWAS;Coliville
001-004-ccl;no;Escherichia coli;GWAS;Coliville
001-005;yes;Escherichia coli;GWAS;Coliville
001-006;no;Escherichia coli;GWAS;Coliville
001-007;no;Escherichia coli;GWAS;Coliville
001-008;yes;Escherichia coli;GWAS;Coliville
001-011;no;Escherichia coli;GWAS;Coliville
001-012;no;Escherichia coli;GWAS;Coliville
001-013-P1;yes;Escherichia coli;GWAS;Coliville
001-013-P2;yes;Escherichia coli;GWAS;Coliville
001-014;no;Escherichia coli;GWAS;Coliville
001-015;yes;Escherichia coli;GWAS;Coliville
001-016;no;Escherichia coli;GWAS;Coliville
001-017;no;Escherichia coli;GWAS;Coliville
001-018;yes;Escherichia coli;GWAS;Coliville
001-019;yes;Escherichia coli;GWAS;Coliville
001-021-c2;no;Escherichia coli;GWAS;Coliville
001-022;yes;Escherichia coli;GWAS;Coliville
001-023;no;Escherichia coli;GWAS;Coliville
001-023-c1;yes;Escherichia coli;GWAS;Coliville
001-024-c1;no;Escherichia coli;GWAS;Coliville
001-025;no;Escherichia coli;GWAS;Coliville
001-026-c1;yes;Escherichia coli;GWAS;Coliville
001-027;yes;Escherichia coli;GWAS;Coliville
001-028;no;Escherichia coli;GWAS;Coliville
001-029;yes;Escherichia coli;GWAS;Coliville
001-030;yes;Escherichia coli;GWAS;Coliville
001-031-c1;no;Escherichia coli;GWAS;Coliville
001-032;no;Escherichia coli;GWAS;Coliville
001-033-c1;no;Escherichia coli;GWAS;Coliville
002-002-ccl;yes;Escherichia coli;GWAS;Coliville
002-003;no;Escherichia coli;GWAS;Coliville
002-005;yes;Escherichia coli;GWAS;Coliville
003-001-c1;yes;Escherichia coli;GWAS;Coliville
003-002;yes;Escherichia coli;GWAS;Coliville
003-003;yes;Escherichia coli;GWAS;Coliville
003-004;yes;Escherichia coli;GWAS;Coliville
003-005-cf;yes;Escherichia coli;GWAS;Coliville
003-006;yes;Escherichia coli;GWAS;Coliville
003-007;yes;Escherichia coli;GWAS;Coliville
003-008;yes;Escherichia coli;GWAS;Coliville
003-009;yes;Escherichia coli;GWAS;Coliville
003-010;yes;Escherichia coli;GWAS;Coliville
003-011;yes;Escherichia coli;GWAS;Coliville
003-012;yes;Escherichia coli;GWAS;Coliville
003-013-cf;yes;Escherichia coli;GWAS;Coliville
003-014;no;Escherichia coli;GWAS;Coliville
003-016;no;Escherichia coli;GWAS;Coliville
003-017;yes;Escherichia coli;GWAS;Coliville
003-018;no;Escherichia coli;GWAS;Coliville
003-019;yes;Escherichia coli;GWAS;Coliville
003-020;no;Escherichia coli;GWAS;Coliville
003-021;yes;Escherichia coli;GWAS;Coliville
003-022;yes;Escherichia coli;GWAS;Coliville
003-023;no;Escherichia coli;GWAS;Coliville
003-024;yes;Escherichia coli;GWAS;Coliville
003-025-gc;yes;Escherichia coli;GWAS;Coliville
003-026;no;Escherichia coli;GWAS;Coliville
003-027;yes;Escherichia coli;GWAS;Coliville
003-028;yes;Escherichia coli;GWAS;Coliville
003-029;yes;Escherichia coli;GWAS;Coliville
003-030;yes;Escherichia coli;GWAS;Coliville
003-030-P2;yes;Escherichia coli;GWAS;Coliville
003-031;no;Escherichia coli;GWAS;Coliville
003-032;no;Escherichia coli;GWAS;Coliville
003-033;no;Escherichia coli;GWAS;Coliville
003-033-c1;no;Escherichia coli;GWAS;Coliville
003-034-c1;no;Escherichia coli;GWAS;Coliville
004-001;no;Escherichia coli;GWAS;Coliville
004-002;yes;Escherichia coli;GWAS;Coliville
004-003;no;Escherichia coli;GWAS;Coliville
004-004;yes;Escherichia coli;GWAS;Coliville
004-006;yes;Escherichia coli;GWAS;Coliville
004-007;yes;Escherichia coli;GWAS;Coliville
004-008;no;Escherichia coli;GWAS;Coliville
004-009-cf;yes;Escherichia coli;GWAS;Coliville
004-010;no;Escherichia coli;GWAS;Coliville
004-020;no;Escherichia coli;GWAS;Coliville
004-021;yes;Escherichia coli;GWAS;Coliville
004-022-cf;yes;Escherichia coli;GWAS;Coliville
004-023;no;Escherichia coli;GWAS;Coliville
004-024;yes;Escherichia coli;GWAS;Coliville
004-025-c1;yes;Escherichia coli;GWAS;Coliville
004-026;yes;Escherichia coli;GWAS;Coliville
004-027-c1;yes;Escherichia coli;GWAS;Coliville
004-028-cj;no;Escherichia coli;GWAS;Coliville
005-001-c1;yes;Escherichia coli;GWAS;Coliville
005-002;no;Escherichia coli;GWAS;Coliville
005-002-P2;no;Escherichia coli;GWAS;Coliville
005-004;yes;Escherichia coli;GWAS;Coliville
005-005-c1;yes;Escherichia coli;GWAS;Coliville
005-006;no;Escherichia coli;GWAS;Coliville
005-008;no;Escherichia coli;GWAS;Coliville
005-009;yes;Escherichia coli;GWAS;Coliville
005-010;no;Escherichia coli;GWAS;Coliville
005-013-ccl;yes;Escherichia coli;GWAS;Coliville
005-014;yes;Escherichia coli;GWAS;Coliville
005-015;yes;Escherichia coli;GWAS;Coliville
005-017;no;Escherichia coli;GWAS;Coliville
005-018;yes;Escherichia coli;GWAS;Coliville
005-019;yes;Escherichia coli;GWAS;Coliville
005-021;yes;Escherichia coli;GWAS;Coliville
005-x;no;Escherichia coli;GWAS;Coliville
006-001;yes;Escherichia coli;GWAS;Coliville
006-002;no;Escherichia coli;GWAS;Coliville
007-002;no;Escherichia coli;GWAS;Coliville
007-003-cf;yes;Escherichia coli;GWAS;Coliville
009-001;yes;Escherichia coli;GWAS;Coliville
009-004;no;Escherichia coli;GWAS;Coliville
009-005;yes;Escherichia coli;GWAS;Coliville
009-016;no;Escherichia coli;GWAS;Coliville
010-001;no;Escherichia coli;GWAS;Coliville
010-003;no;Escherichia coli;GWAS;Coliville
010-004;yes;Escherichia coli;GWAS;Coliville
010-006;no;Escherichia coli;GWAS;Coliville
010-007-ccl;yes;Escherichia coli;GWAS;Coliville
011-001;yes;Escherichia coli;GWAS;Coliville
011-002;no;Escherichia coli;GWAS;Coliville
011-005;yes;Escherichia coli;GWAS;Coliville
011-007;no;Escherichia coli;GWAS;Coliville
012-001;yes;Escherichia coli;GWAS;Coliville
012-002;no;Escherichia coli;GWAS;Coliville
012-003-ccl;no;Escherichia coli;GWAS;Coliville
012-004-cf;no;Escherichia coli;GWAS;Coliville
012-005;no;Escherichia coli;GWAS;Coliville
012-006;yes;Escherichia coli;GWAS;Coliville
013-001;yes;Escherichia coli;GWAS;Coliville
013-002;yes;Escherichia coli;GWAS;Coliville
013-003;yes;Escherichia coli;GWAS;Coliville
013-004;no;Escherichia coli;GWAS;Coliville
013-005;yes;Escherichia coli;GWAS;Coliville
013-006;yes;Escherichia coli;GWAS;Coliville
013-007-cf;yes;Escherichia coli;GWAS;Coliville
013-008;no;Escherichia coli;GWAS;Coliville
013-009;yes;Escherichia coli;GWAS;Coliville
013-010;no;Escherichia coli;GWAS;Coliville
013-011;yes;Escherichia coli;GWAS;Coliville
015-001-ccl;yes;Escherichia coli;GWAS;Coliville
015-002;yes;Escherichia coli;GWAS;Coliville
015-004;yes;Escherichia coli;GWAS;Coliville
015-006;yes;Escherichia coli;GWAS;Coliville
016-001;no;Escherichia coli;GWAS;Coliville
016-002;yes;Escherichia coli;GWAS;Coliville
016-003;yes;Escherichia coli;GWAS;Coliville
017-001;yes;Escherichia coli;GWAS;Coliville
017-002;yes;Escherichia coli;GWAS;Coliville
017-003;yes;Escherichia coli;GWAS;Coliville
020-001;yes;Escherichia coli;GWAS;Coliville
020-002;no;Escherichia coli;GWAS;Coliville
020-003;yes;Escherichia coli;GWAS;Coliville
020-004-cf;yes;Escherichia coli;GWAS;Coliville
020-005;yes;Escherichia coli;GWAS;Coliville
020-006;no;Escherichia coli;GWAS;Coliville
020-007;no;Escherichia coli;GWAS;Coliville
020-008;no;Escherichia coli;GWAS;Coliville
020-009;yes;Escherichia coli;GWAS;Coliville
020-010;yes;Escherichia coli;GWAS;Coliville
020-011;no;Escherichia coli;GWAS;Coliville
020-012;no;Escherichia coli;GWAS;Coliville
020-013;no;Escherichia coli;GWAS;Coliville
020-014;yes;Escherichia coli;GWAS;Coliville
020-015;yes;Escherichia coli;GWAS;Coliville
020-016;no;Escherichia coli;GWAS;Coliville
020-018-ccl;yes;Escherichia coli;GWAS;Coliville
022-001-cf;no;Escherichia coli;GWAS;Coliville
022-003;yes;Escherichia coli;GWAS;Coliville
022-004;no;Escherichia coli;GWAS;Coliville
022-005-ccl;yes;Escherichia coli;GWAS;Coliville
022-007;no;Escherichia coli;GWAS;Coliville
024-001;yes;Escherichia coli;GWAS;Coliville
024-002;no;Escherichia coli;GWAS;Coliville
024-003;no;Escherichia coli;GWAS;Coliville
024-004;no;Escherichia coli;GWAS;Coliville
024-005-cf;no;Escherichia coli;GWAS;Coliville
025-001;yes;Escherichia coli;GWAS;Coliville
025-002;no;Escherichia coli;GWAS;Coliville
025-003;yes;Escherichia coli;GWAS;Coliville
025-005-C1;yes;Escherichia coli;GWAS;Coliville
025-006;no;Escherichia coli;GWAS;Coliville
025-007;yes;Escherichia coli;GWAS;Coliville
025-009;yes;Escherichia coli;GWAS;Coliville
025-010;no;Escherichia coli;GWAS;Coliville
025-011-ccl;yes;Escherichia coli;GWAS;Coliville
025-012;yes;Escherichia coli;GWAS;Coliville
025-014;yes;Escherichia coli;GWAS;Coliville
025-016;yes;Escherichia coli;GWAS;Coliville
025-018;no;Escherichia coli;GWAS;Coliville
025-019;yes;Escherichia coli;GWAS;Coliville
025-020;no;Escherichia coli;GWAS;Coliville
025-021-ccl;yes;Escherichia coli;GWAS;Coliville
025-021-P2-C1;yes;Escherichia coli;GWAS;Coliville
025-022;no;Escherichia coli;GWAS;Coliville
025-023;no;Escherichia coli;GWAS;Coliville
025-025-c1;no;Escherichia coli;GWAS;Coliville
025-027;yes;Escherichia coli;GWAS;Coliville
025-028;yes;Escherichia coli;GWAS;Coliville
025-029;no;Escherichia coli;GWAS;Coliville
025-031;yes;Escherichia coli;GWAS;Coliville
025-032;no;Escherichia coli;GWAS;Coliville
025-034;yes;Escherichia coli;GWAS;Coliville
025-035;yes;Escherichia coli;GWAS;Coliville
025-037;no;Escherichia coli;GWAS;Coliville
025-038;yes;Escherichia coli;GWAS;Coliville
025-039;yes;Escherichia coli;GWAS;Coliville
026-001;yes;Escherichia coli;GWAS;Coliville
026-002;yes;Escherichia coli;GWAS;Coliville
026-003;yes;Escherichia coli;GWAS;Coliville
026-005;yes;Escherichia coli;GWAS;Coliville
026-006;yes;Escherichia coli;GWAS;Coliville
026-007;no;Escherichia coli;GWAS;Coliville
026-008;yes;Escherichia coli;GWAS;Coliville
026-009;yes;Escherichia coli;GWAS;Coliville
026-010;yes;Escherichia coli;GWAS;Coliville
032-001;yes;Escherichia coli;GWAS;Coliville
032-002;no;Escherichia coli;GWAS;Coliville
032-003;yes;Escherichia coli;GWAS;Coliville
032-005;yes;Escherichia coli;GWAS;Coliville
033-001-c1;yes;Escherichia coli;GWAS;Coliville
034-005;yes;Escherichia coli;GWAS;Coliville
034-006;no;Escherichia coli;GWAS;Coliville
034-008;no;Escherichia coli;GWAS;Coliville
034-010;yes;Escherichia coli;GWAS;Coliville
034-014;yes;Escherichia coli;GWAS;Coliville
034-015;yes;Escherichia coli;GWAS;Coliville
034-017;yes;Escherichia coli;GWAS;Coliville
034-018;yes;Escherichia coli;GWAS;Coliville
034-019-c1;yes;Escherichia coli;GWAS;Coliville
034-020;yes;Escherichia coli;GWAS;Coliville
034-023;yes;Escherichia coli;GWAS;Coliville
034-024-c1;yes;Escherichia coli;GWAS;Coliville
034-025;yes;Escherichia coli;GWAS;Coliville
034-026-c1;yes;Escherichia coli;GWAS;Coliville
034-027;no;Escherichia coli;GWAS;Coliville
034-029-c1;yes;Escherichia coli;GWAS;Coliville
035-001;yes;Escherichia coli;GWAS;Coliville
035-002;yes;Escherichia coli;GWAS;Coliville
035-003-cf;no;Escherichia coli;GWAS;Coliville
035-004;yes;Escherichia coli;GWAS;Coliville
035-005-ccl;yes;Escherichia coli;GWAS;Coliville
035-006;yes;Escherichia coli;GWAS;Coliville
035-007;no;Escherichia coli;GWAS;Coliville
035-008;yes;Escherichia coli;GWAS;Coliville
035-009-c2;no;Escherichia coli;GWAS;Coliville
040-FJBY-DOM;yes;Escherichia coli;GWAS;CEREMI
058-IXPF-DOM;no;Escherichia coli;GWAS;CEREMI
113-WIGH-DOM;no;Escherichia coli;GWAS;CEREMI
1343UnTal85;yes;Yersinia pestis;Rascovan;Rascovan
170-IKSO-DOM;yes;Escherichia coli;GWAS;CEREMI
178-CDSU-DOM;yes;Escherichia coli;GWAS;CEREMI
181-LYVR-DOM;no;Escherichia coli;GWAS;CEREMI
181-SXOB-DOM;no;Escherichia coli;GWAS;CEREMI
216-DLFG-DOM;no;Escherichia coli;GWAS;CEREMI
218-JJPI-DOM;yes;Escherichia coli;GWAS;CEREMI
400-NVKI-DOM;yes;Escherichia coli;GWAS;CEREMI
418-YPKI-DOM;yes;Escherichia coli;GWAS;CEREMI
636-UDBX-DOM;yes;Escherichia coli;GWAS;CEREMI
680-IDZC-DOM;no;Escherichia coli;GWAS;CEREMI
682-FNDF-DOM;yes;Escherichia coli;GWAS;CEREMI
686-JVZZ-DOM;no;Escherichia coli;GWAS;CEREMI
735-XGSI-DOM;yes;Escherichia coli;GWAS;CEREMI
748-AZCR-DOM;yes;Escherichia coli;GWAS;CEREMI
756-JMMB-DOM;no;Escherichia coli;GWAS;CEREMI
773-DOJC-DOM;no;Escherichia coli;GWAS;CEREMI
880-SLHG-DOM;yes;Escherichia coli;GWAS;CEREMI
A1122;no;Yersinia pestis;Rascovan;Rascovan
A1956001;yes;Yersinia pestis;Rascovan;Rascovan
A1973001;yes;Yersinia pestis;Rascovan;Rascovan
AE1175;yes;Yersinia pestis;Rascovan;Rascovan
Angola;yes;Yersinia pestis;Rascovan;Rascovan
Antiqua_B42003004;yes;Yersinia pestis;Rascovan;Rascovan
Antiqua_UG05;yes;Yersinia pestis;Rascovan;Rascovan
AP018671.1;yes;Klebsiella pneumoniae;RefSeq;RefSeq
AP018750.1;yes;Klebsiella pneumoniae;RefSeq;RefSeq
AP018753.1;yes;Klebsiella pneumoniae;RefSeq;RefSeq
AP019665.1;yes;Klebsiella pneumoniae;RefSeq;RefSeq
AP021880.1;yes;Klebsiella pneumoniae;RefSeq;RefSeq
AP021909.1;yes;Klebsiella pneumoniae;RefSeq;RefSeq
AP022108.1;yes;Klebsiella aerogenes;RefSeq;RefSeq
AP022139.1;yes;Klebsiella pneumoniae;RefSeq;RefSeq
AP023452.1;yes;Citrobacter koseri;RefSeq;RefSeq
AP023453.1;yes;Klebsiella pneumoniae;RefSeq;RefSeq
Barcelona3031;yes;Yersinia pestis;Rascovan;Rascovan
BlackDeath;yes;Yersinia pestis;Rascovan;Rascovan
BolgarCity2370;yes;Yersinia pestis;Rascovan;Rascovan
BX936398.1;yes;Yersinia pseudotuberculosis;RefSeq;RefSeq
C1975003;yes;Yersinia pestis;Rascovan;Rascovan
C1976001;yes;Yersinia pestis;Rascovan;Rascovan
C1989001;yes;Yersinia pestis;Rascovan;Rascovan
CA88;yes;Yersinia pestis;Rascovan;Rascovan
CMCC02041;yes;Yersinia pestis;Rascovan;Rascovan
CMCC03001;no;Yersinia pestis;Rascovan;Rascovan
CMCC05009;yes;Yersinia pestis;Rascovan;Rascovan
CMCC05013;> 7 contigs;Yersinia pestis;Rascovan;Rascovan
CMCC10012;yes;Yersinia pestis;Rascovan;Rascovan
CMCC104003;yes;Yersinia pestis;Rascovan;Rascovan
CMCC106002;yes;Yersinia pestis;Rascovan;Rascovan
CMCC107004;yes;Yersinia pestis;Rascovan;Rascovan
CMCC11001;yes;Yersinia pestis;Rascovan;Rascovan
CMCC114001;yes;Yersinia pestis;Rascovan;Rascovan
CMCC12003;no;Yersinia pestis;Rascovan;Rascovan
CMCC125002;yes;Yersinia pestis;Rascovan;Rascovan
CMCC18019;yes;Yersinia pestis;Rascovan;Rascovan
CMCC21106;no;Yersinia pestis;Rascovan;Rascovan
CMCC27002;> 7 contigs;Yersinia pestis;Rascovan;Rascovan
CMCC31004;yes;Yersinia pestis;Rascovan;Rascovan
CMCC347001;yes;Yersinia pestis;Rascovan;Rascovan
CMCC348002;yes;Yersinia pestis;Rascovan;Rascovan
CMCC38001;yes;Yersinia pestis;Rascovan;Rascovan
CMCC42007;yes;Yersinia pestis;Rascovan;Rascovan
CMCC43032;yes;Yersinia pestis;Rascovan;Rascovan
CMCC49003;yes;Yersinia pestis;Rascovan;Rascovan
CMCC51020;yes;Yersinia pestis;Rascovan;Rascovan
CMCC64001;no;Yersinia pestis;Rascovan;Rascovan
CMCC640047;yes;Yersinia pestis;Rascovan;Rascovan
CMCC67001;no;Yersinia pestis;Rascovan;Rascovan
CMCC71001;yes;Yersinia pestis;Rascovan;Rascovan
CMCC8211;yes;Yersinia pestis;Rascovan;Rascovan
CMCC84033;yes;Yersinia pestis;Rascovan;Rascovan
CMCC84038;yes;Yersinia pestis;Rascovan;Rascovan
CMCC84046;yes;Yersinia pestis;Rascovan;Rascovan
CMCC87001;yes;Yersinia pestis;Rascovan;Rascovan
CMCC90027;no;Yersinia pestis;Rascovan;Rascovan
CMCC91090;no;Yersinia pestis;Rascovan;Rascovan
CMCC92004;no;Yersinia pestis;Rascovan;Rascovan
CMCC92010;no;Yersinia pestis;Rascovan;Rascovan
CMCC93014;> 7 contigs;Yersinia pestis;Rascovan;Rascovan
CMCC95001;yes;Yersinia pestis;Rascovan;Rascovan
CMCC96001;yes;Yersinia pestis;Rascovan;Rascovan
CMCC96007;yes;Yersinia pestis;Rascovan;Rascovan
CMCC99103;yes;Yersinia pestis;Rascovan;Rascovan
CMCCK100001;no;Yersinia pestis;Rascovan;Rascovan
CMCCK110001;yes;Yersinia pestis;Rascovan;Rascovan
CMCCN010025;yes;Yersinia pestis;Rascovan;Rascovan
CO92;yes;Yersinia pestis;Rascovan;Rascovan
CP003999.1;yes;Klebsiella pneumoniae;RefSeq;RefSeq
CP006722.1;yes;Klebsiella pneumoniae;RefSeq;RefSeq
CP006738.1;yes;Klebsiella pneumoniae;RefSeq;RefSeq
CP006798.1;yes;Klebsiella pneumoniae;RefSeq;RefSeq
CP008929.1;yes;Klebsiella pneumoniae;RefSeq;RefSeq
CP009208.1;yes;Klebsiella pneumoniae;RefSeq;RefSeq
CP009712.1;yes;Yersinia pseudotuberculosis;RefSeq;RefSeq
CP009757.1;yes;Yersinia pseudotuberculosis;RefSeq;RefSeq
CP009771.1;yes;Klebsiella pneumoniae;RefSeq;RefSeq
CP009775.1;yes;Klebsiella pneumoniae;RefSeq;RefSeq
CP009780.1;yes;Yersinia pseudotuberculosis;RefSeq;RefSeq
CP009786.1;yes;Yersinia pseudotuberculosis;RefSeq;RefSeq
CP011647.1;yes;Klebsiella pneumoniae;RefSeq;RefSeq
CP012043.1;yes;Klebsiella pneumoniae;RefSeq;RefSeq
CP012426.1;yes;Klebsiella pneumoniae;RefSeq;RefSeq
CP012560.1;yes;Klebsiella pneumoniae;RefSeq;RefSeq
CP012561.1;yes;Klebsiella pneumoniae;RefSeq;RefSeq
CP012568.1;yes;Klebsiella pneumoniae;RefSeq;RefSeq
CP012753.1;yes;Klebsiella pneumoniae;RefSeq;RefSeq
CP014004.1;yes;Klebsiella pneumoniae;RefSeq;RefSeq
CP014008.1;yes;Klebsiella pneumoniae;RefSeq;RefSeq
CP014123.1;yes;Klebsiella pneumoniae;RefSeq;RefSeq
CP014748.2;yes;Klebsiella aerogenes;RefSeq;RefSeq
CP014755.1;yes;Klebsiella pneumoniae;RefSeq;RefSeq
CP015392.1;yes;Klebsiella pneumoniae;RefSeq;RefSeq
CP015500.1;yes;Klebsiella pneumoniae;RefSeq;RefSeq
CP015754.1;yes;Klebsiella pneumoniae;RefSeq;RefSeq
CP015990.1;yes;Klebsiella pneumoniae;RefSeq;RefSeq
CP016160.1;yes;Klebsiella pneumoniae;RefSeq;RefSeq
CP016814.1;yes;Klebsiella pneumoniae;RefSeq;RefSeq
CP016923.1;yes;Klebsiella pneumoniae;RefSeq;RefSeq
CP017777.1;yes;Klebsiella pneumoniae;RefSeq;RefSeq
CP017934.1;yes;Klebsiella pneumoniae;RefSeq;RefSeq
CP017985.1;yes;Klebsiella pneumoniae;RefSeq;RefSeq
CP018140.1;yes;Klebsiella pneumoniae;RefSeq;RefSeq
CP018337.1;yes;Klebsiella pneumoniae;RefSeq;RefSeq
CP018427.1;yes;Klebsiella pneumoniae;RefSeq;RefSeq
CP018428.1;yes;Klebsiella pneumoniae;RefSeq;RefSeq
CP018437.1;yes;Klebsiella pneumoniae;RefSeq;RefSeq
CP018438.1;yes;Klebsiella pneumoniae;RefSeq;RefSeq
CP018447.1;yes;Klebsiella pneumoniae;RefSeq;RefSeq
CP018450.1;yes;Klebsiella pneumoniae;RefSeq;RefSeq
CP018454.1;yes;Klebsiella pneumoniae;RefSeq;RefSeq
CP018686.1;yes;Klebsiella pneumoniae;RefSeq;RefSeq
CP018692.1;yes;Klebsiella pneumoniae;RefSeq;RefSeq
CP018695.1;yes;Klebsiella pneumoniae;RefSeq;RefSeq
CP018701.1;yes;Klebsiella pneumoniae;RefSeq;RefSeq
CP018707.1;yes;Klebsiella pneumoniae;RefSeq;RefSeq
CP018713.1;yes;Klebsiella pneumoniae;RefSeq;RefSeq
CP018719.1;yes;Klebsiella pneumoniae;RefSeq;RefSeq
CP018735.1;yes;Klebsiella pneumoniae;RefSeq;RefSeq
CP019047.1;yes;Klebsiella pneumoniae;RefSeq;RefSeq
CP019161.1;yes;Klebsiella pneumoniae;RefSeq;RefSeq
CP020061.1;yes;Klebsiella pneumoniae;RefSeq;RefSeq
CP020837.1;yes;Klebsiella pneumoniae;RefSeq;RefSeq
CP020853.1;yes;Klebsiella pneumoniae;RefSeq;RefSeq
CP020901.1;yes;Klebsiella pneumoniae;RefSeq;RefSeq
CP021685.1;yes;Klebsiella pneumoniae;RefSeq;RefSeq
CP021708.1;yes;Klebsiella pneumoniae;RefSeq;RefSeq
CP021740.1;yes;Klebsiella pneumoniae;RefSeq;RefSeq
CP021757.1;yes;Klebsiella pneumoniae;RefSeq;RefSeq
CP021833.1;yes;Klebsiella pneumoniae;RefSeq;RefSeq
CP021939.1;yes;Klebsiella pneumoniae;RefSeq;RefSeq
CP021944.1;yes;Klebsiella pneumoniae;RefSeq;RefSeq
CP021960.1;yes;Klebsiella pneumoniae;RefSeq;RefSeq
CP022073.2;yes;Citrobacter koseri;RefSeq;RefSeq
CP022127.1;yes;Klebsiella pneumoniae;RefSeq;RefSeq
CP022691.2;yes;Klebsiella pneumoniae;RefSeq;RefSeq
CP022882.1;yes;Klebsiella pneumoniae;RefSeq;RefSeq
CP022997.1;yes;Klebsiella pneumoniae;RefSeq;RefSeq
CP023268.1;yes;Serratia sp.;RefSeq;RefSeq
CP023441.1;yes;Klebsiella pneumoniae;RefSeq;RefSeq
CP027618.1;yes;Enterobacter cloacae;RefSeq;RefSeq
CP023487.1;yes;Klebsiella pneumoniae;RefSeq;RefSeq
CP023502.1;yes;Klebsiella pneumoniae;RefSeq;RefSeq
CP023527.1;yes;Citrobacter koseri;RefSeq;RefSeq
CP023553.1;yes;Klebsiella pneumoniae;RefSeq;RefSeq
CP023722.1;yes;Klebsiella pneumoniae;RefSeq;RefSeq
CP023839.1;yes;Klebsiella pneumoniae;RefSeq;RefSeq
CP023919.1;yes;Klebsiella pneumoniae;RefSeq;RefSeq
CP023941.1;yes;Klebsiella pneumoniae;RefSeq;RefSeq
CP023946.1;yes;Klebsiella pneumoniae;RefSeq;RefSeq
CP023949.1;yes;Klebsiella pneumoniae;RefSeq;RefSeq
CP023963.1;yes;Klebsiella aerogenes;RefSeq;RefSeq
CP024038.1;yes;Klebsiella pneumoniae;RefSeq;RefSeq
CP024191.1;yes;Klebsiella pneumoniae;RefSeq;RefSeq
CP024429.1;yes;Klebsiella pneumoniae;RefSeq;RefSeq
CP024458.1;yes;Klebsiella pneumoniae;RefSeq;RefSeq
CP024521.1;yes;Klebsiella pneumoniae;RefSeq;RefSeq
CP024528.1;yes;Klebsiella pneumoniae;RefSeq;RefSeq
CP024535.1;yes;Klebsiella pneumoniae;RefSeq;RefSeq
CP024542.1;yes;Klebsiella pneumoniae;RefSeq;RefSeq
CP024545.1;yes;Klebsiella pneumoniae;RefSeq;RefSeq
CP024549.1;yes;Klebsiella pneumoniae;RefSeq;RefSeq
CP024556.1;yes;Klebsiella pneumoniae;RefSeq;RefSeq
CP024563.1;yes;Klebsiella pneumoniae;RefSeq;RefSeq
CP024570.1;yes;Klebsiella pneumoniae;RefSeq;RefSeq
CP024707.1;yes;Klebsiella pneumoniae;RefSeq;RefSeq
CP024834.1;yes;Klebsiella pneumoniae;RefSeq;RefSeq
CP024838.1;yes;Klebsiella pneumoniae;RefSeq;RefSeq
CP024916.1;yes;Klebsiella pneumoniae;RefSeq;RefSeq
CP025005.1;yes;Klebsiella pneumoniae;RefSeq;RefSeq
CP025008.1;yes;Klebsiella pneumoniae;RefSeq;RefSeq
CP025037.1;yes;Klebsiella pneumoniae;RefSeq;RefSeq
CP025091.1;yes;Klebsiella pneumoniae;RefSeq;RefSeq
CP025093.1;yes;Klebsiella pneumoniae;RefSeq;RefSeq
CP025456.1;yes;Klebsiella pneumoniae;RefSeq;RefSeq
CP025461.1;yes;Klebsiella pneumoniae;RefSeq;RefSeq
CP025466.1;yes;Klebsiella pneumoniae;RefSeq;RefSeq
CP025576.1;yes;Klebsiella pneumoniae;RefSeq;RefSeq
CP025629.1;yes;Klebsiella pneumoniae;RefSeq;RefSeq
CP025637.1;yes;Klebsiella pneumoniae;RefSeq;RefSeq
CP025951.1;yes;Klebsiella pneumoniae;RefSeq;RefSeq
CP026011.1;yes;Klebsiella pneumoniae;RefSeq;RefSeq
CP026130.1;yes;Klebsiella pneumoniae;RefSeq;RefSeq
CP026132.1;yes;Klebsiella pneumoniae;RefSeq;RefSeq
CP026136.1;yes;Klebsiella pneumoniae;RefSeq;RefSeq
CP026140.1;yes;Klebsiella pneumoniae;RefSeq;RefSeq
CP026145.1;yes;Klebsiella pneumoniae;RefSeq;RefSeq
CP026149.1;yes;Klebsiella pneumoniae;RefSeq;RefSeq
CP026155.1;yes;Klebsiella pneumoniae;RefSeq;RefSeq
CP026161.1;yes;Klebsiella pneumoniae;RefSeq;RefSeq
CP026162.1;yes;Klebsiella pneumoniae;RefSeq;RefSeq
CP026697.1;yes;Citrobacter koseri;RefSeq;RefSeq
CP026709.1;yes;Citrobacter koseri;RefSeq;RefSeq
CP026751.1;yes;Klebsiella pneumoniae;RefSeq;RefSeq
CP027036.1;yes;Klebsiella pneumoniae;RefSeq;RefSeq
CP027048.1;yes;Klebsiella pneumoniae;RefSeq;RefSeq
CP027053.1;yes;Klebsiella pneumoniae;RefSeq;RefSeq
CP077660.1;yes;Enterobacter cloacae;RefSeq;RefSeq
CP072515.1;yes;Klebsiella quasipneumoniae;RefSeq;RefSeq
CP028391.2;yes;Klebsiella pneumoniae;RefSeq;RefSeq
CP028548.2;yes;Klebsiella pneumoniae;RefSeq;RefSeq
CP028583.2;yes;Klebsiella pneumoniae;RefSeq;RefSeq
CP028716.1;yes;Klebsiella pneumoniae;RefSeq;RefSeq
CP028793.2;yes;Klebsiella pneumoniae;RefSeq;RefSeq
CP028797.2;yes;Klebsiella pneumoniae;RefSeq;RefSeq
CP028806.2;yes;Klebsiella pneumoniae;RefSeq;RefSeq
CP028816.1;yes;Klebsiella pneumoniae;RefSeq;RefSeq
CP028932.1;yes;Klebsiella pneumoniae;RefSeq;RefSeq
CP028994.1;yes;Klebsiella pneumoniae;RefSeq;RefSeq
CP029220.1;yes;Klebsiella pneumoniae;RefSeq;RefSeq
CP029226.1;yes;Klebsiella pneumoniae;RefSeq;RefSeq
CP029384.2;yes;Klebsiella pneumoniae;RefSeq;RefSeq
CP029388.1;yes;Klebsiella pneumoniae;RefSeq;RefSeq
CP029582.1;yes;Klebsiella pneumoniae;RefSeq;RefSeq
CP029689.1;yes;Klebsiella pneumoniae;RefSeq;RefSeq
CP029727.1;yes;Citrobacter sp.;RefSeq;RefSeq
CP030172.1;yes;Klebsiella pneumoniae;RefSeq;RefSeq
CP030292.1;yes;Klebsiella pneumoniae;RefSeq;RefSeq
CP030296.1;yes;Klebsiella pneumoniae;RefSeq;RefSeq
CP030300.1;yes;Klebsiella pneumoniae;RefSeq;RefSeq
CP030302.1;yes;Klebsiella pneumoniae;RefSeq;RefSeq
CP030311.1;yes;Klebsiella pneumoniae;RefSeq;RefSeq
CP031721.1;yes;Klebsiella pneumoniae;RefSeq;RefSeq
CP031790.1;yes;Klebsiella pneumoniae;RefSeq;RefSeq
CP031792.1;yes;Klebsiella pneumoniae;RefSeq;RefSeq
CP031795.1;yes;Klebsiella pneumoniae;RefSeq;RefSeq
CP031800.1;yes;Klebsiella pneumoniae;RefSeq;RefSeq
CP031934.1;yes;Klebsiella pneumoniae;RefSeq;RefSeq
CP032163.1;yes;Klebsiella pneumoniae;RefSeq;RefSeq
CP032175.1;yes;Klebsiella pneumoniae;RefSeq;RefSeq
CP032178.1;yes;Klebsiella pneumoniae;RefSeq;RefSeq
CP032185.1;yes;Klebsiella pneumoniae;RefSeq;RefSeq
CP032240.1;yes;Klebsiella pneumoniae;RefSeq;RefSeq
CP032831.1;yes;Klebsiella pneumoniae;RefSeq;RefSeq
CP033242.1;yes;Klebsiella pneumoniae;RefSeq;RefSeq
CP033396.2;yes;Klebsiella pneumoniae;RefSeq;RefSeq
CP033405.1;yes;Klebsiella pneumoniae;RefSeq;RefSeq
CP033625.1;yes;Klebsiella pneumoniae;RefSeq;RefSeq
CP033709.1;yes;Yersinia pseudotuberculosis;RefSeq;RefSeq
CP033711.1;yes;Yersinia pseudotuberculosis;RefSeq;RefSeq
CP033713.1;yes;Yersinia pseudotuberculosis;RefSeq;RefSeq
CP033777.1;yes;Klebsiella pneumoniae;RefSeq;RefSeq
CP033817.1;yes;Klebsiella aerogenes;RefSeq;RefSeq
CP033946.1;yes;Klebsiella pneumoniae;RefSeq;RefSeq
CP033954.1;yes;Klebsiella pneumoniae;RefSeq;RefSeq
CP033960.1;yes;Klebsiella pneumoniae;RefSeq;RefSeq
CP034039.1;yes;Klebsiella pneumoniae;RefSeq;RefSeq
CP034045.1;yes;Klebsiella pneumoniae;RefSeq;RefSeq
CP034076.1;yes;Klebsiella pneumoniae;RefSeq;RefSeq
CP034077.1;yes;Klebsiella pneumoniae;RefSeq;RefSeq
CP034123.1;yes;Klebsiella pneumoniae;RefSeq;RefSeq
CP034212.1;yes;Escherichia albertii;RefSeq;RefSeq
CP034316.1;yes;Klebsiella pneumoniae;RefSeq;RefSeq
CP034415.1;yes;Klebsiella pneumoniae;RefSeq;RefSeq
CP034778.1;yes;Klebsiella pneumoniae;RefSeq;RefSeq
CP036187.1;yes;Klebsiella pneumoniae;RefSeq;RefSeq
CP036300.1;yes;Klebsiella pneumoniae;RefSeq;RefSeq
CP036305.1;yes;Klebsiella pneumoniae;RefSeq;RefSeq
CP036320.1;yes;Klebsiella pneumoniae;RefSeq;RefSeq
CP036327.1;yes;Klebsiella pneumoniae;RefSeq;RefSeq
CP036335.1;yes;Klebsiella pneumoniae;RefSeq;RefSeq
CP036361.1;yes;Klebsiella pneumoniae;RefSeq;RefSeq
CP036365.1;yes;Klebsiella pneumoniae;RefSeq;RefSeq
CP036371.1;yes;Klebsiella pneumoniae;RefSeq;RefSeq
CP036442.1;yes;Klebsiella pneumoniae;RefSeq;RefSeq
CP039524.1;yes;Klebsiella pneumoniae;RefSeq;RefSeq
CP039797.1;yes;Klebsiella pneumoniae;RefSeq;RefSeq
CP039804.1;yes;Klebsiella pneumoniae;RefSeq;RefSeq
CP039808.1;yes;Klebsiella pneumoniae;RefSeq;RefSeq
CP039813.1;yes;Klebsiella pneumoniae;RefSeq;RefSeq
CP039819.1;yes;Klebsiella pneumoniae;RefSeq;RefSeq
CP039936.1;yes;Klebsiella pneumoniae;RefSeq;RefSeq
CP039939.1;yes;Klebsiella pneumoniae;RefSeq;RefSeq
CP039942.1;yes;Klebsiella pneumoniae;RefSeq;RefSeq
CP039945.1;yes;Klebsiella pneumoniae;RefSeq;RefSeq
CP039948.1;yes;Klebsiella pneumoniae;RefSeq;RefSeq
CP039951.1;yes;Klebsiella pneumoniae;RefSeq;RefSeq
CP039954.1;yes;Klebsiella pneumoniae;RefSeq;RefSeq
CP039957.1;yes;Klebsiella pneumoniae;RefSeq;RefSeq
CP039960.1;yes;Klebsiella pneumoniae;RefSeq;RefSeq
CP039968.1;yes;Klebsiella pneumoniae;RefSeq;RefSeq
CP040023.1;yes;Klebsiella pneumoniae;RefSeq;RefSeq
CP040028.1;yes;Klebsiella pneumoniae;RefSeq;RefSeq
CP040033.1;yes;Klebsiella pneumoniae;RefSeq;RefSeq
CP040038.1;yes;Klebsiella pneumoniae;RefSeq;RefSeq
CP040179.1;yes;Klebsiella pneumoniae;RefSeq;RefSeq
CP040391.1;yes;Klebsiella pneumoniae;RefSeq;RefSeq
CP040392.1;yes;Kosakonia radicincitans;RefSeq;RefSeq
CP040533.1;yes;Klebsiella pneumoniae;RefSeq;RefSeq
CP040539.1;yes;Klebsiella pneumoniae;RefSeq;RefSeq
CP040545.1;yes;Klebsiella pneumoniae;RefSeq;RefSeq
CP040593.1;yes;Klebsiella pneumoniae;RefSeq;RefSeq
CP040711.1;yes;Klebsiella pneumoniae;RefSeq;RefSeq
CP040724.1;yes;Klebsiella pneumoniae;RefSeq;RefSeq
CP040833.1;yes;Klebsiella pneumoniae;RefSeq;RefSeq
CP040993.1;yes;Klebsiella pneumoniae;RefSeq;RefSeq
CP041022.1;yes;Klebsiella pneumoniae;RefSeq;RefSeq
CP041082.1;yes;Klebsiella pneumoniae;RefSeq;RefSeq
CP041373.1;yes;Klebsiella pneumoniae;RefSeq;RefSeq
CP041644.1;yes;Klebsiella pneumoniae;RefSeq;RefSeq
CP042307.1;yes;Klebsiella pneumoniae;RefSeq;RefSeq
CP042308.1;yes;Klebsiella pneumoniae;RefSeq;RefSeq
CP042310.1;yes;Klebsiella pneumoniae;RefSeq;RefSeq
CP042311.1;yes;Klebsiella pneumoniae;RefSeq;RefSeq
CP042312.1;yes;Klebsiella pneumoniae;RefSeq;RefSeq
CP042313.1;yes;Klebsiella pneumoniae;RefSeq;RefSeq
CP042314.1;yes;Klebsiella pneumoniae;RefSeq;RefSeq
CP042315.1;yes;Klebsiella pneumoniae;RefSeq;RefSeq
CP042317.1;yes;Klebsiella pneumoniae;RefSeq;RefSeq
CP042540.1;yes;Enterobacter hormaechei;RefSeq;RefSeq
CP042566.1;yes;Enterobacter hormaechei;RefSeq;RefSeq
CP043047.1;yes;Klebsiella pneumoniae;RefSeq;RefSeq
CP043344.1;yes;Klebsiella pneumoniae;RefSeq;RefSeq
CP043348.1;yes;Klebsiella pneumoniae;RefSeq;RefSeq
CP043353.1;yes;Klebsiella pneumoniae;RefSeq;RefSeq
CP043357.1;yes;Klebsiella pneumoniae;RefSeq;RefSeq
CP043378.1;yes;Klebsiella pneumoniae;RefSeq;RefSeq
CP043587.1;yes;Klebsiella pneumoniae;RefSeq;RefSeq
CP043859.1;yes;Klebsiella pneumoniae;RefSeq;RefSeq
CP044047.1;yes;Klebsiella pneumoniae;RefSeq;RefSeq
CP044258.1;yes;Klebsiella pneumoniae;RefSeq;RefSeq
CP045193.1;yes;Klebsiella pneumoniae;RefSeq;RefSeq
CP045263.1;yes;Klebsiella pneumoniae;RefSeq;RefSeq
CP045661.1;yes;Klebsiella pneumoniae;RefSeq;RefSeq
CP045674.1;yes;Klebsiella pneumoniae;RefSeq;RefSeq
CP045694.1;yes;Klebsiella pneumoniae;RefSeq;RefSeq
CP045868.1;yes;Klebsiella aerogenes;RefSeq;RefSeq
CP045869.1;yes;Klebsiella aerogenes;RefSeq;RefSeq
CP045870.1;yes;Klebsiella aerogenes;RefSeq;RefSeq
CP045988.1;yes;Klebsiella pneumoniae;RefSeq;RefSeq
CP046645.1;yes;Klebsiella pneumoniae;RefSeq;RefSeq
CP046957.1;yes;Klebsiella pneumoniae;RefSeq;RefSeq
CP046962.1;yes;Klebsiella pneumoniae;RefSeq;RefSeq
CP047160.1;yes;Klebsiella pneumoniae;RefSeq;RefSeq
CP047192.1;yes;Klebsiella pneumoniae;RefSeq;RefSeq
CP047633.1;yes;Klebsiella pneumoniae;RefSeq;RefSeq
CP047648.1;yes;Klebsiella pneumoniae;RefSeq;RefSeq
CP047649.1;yes;Klebsiella pneumoniae;RefSeq;RefSeq
CP048389.1;yes;Klebsiella pneumoniae;RefSeq;RefSeq
CP048430.1;yes;Klebsiella pneumoniae;RefSeq;RefSeq
CP048778.1;yes;Klebsiella pneumoniae;RefSeq;RefSeq
CP048800.1;yes;Klebsiella pneumoniae;RefSeq;RefSeq
CP048933.1;yes;Klebsiella pneumoniae;RefSeq;RefSeq
CP049716.1;yes;Klebsiella pneumoniae;RefSeq;RefSeq
CP049719.1;yes;Klebsiella pneumoniae;RefSeq;RefSeq
CP049947.1;yes;Klebsiella pneumoniae;RefSeq;RefSeq
CP049950.1;yes;Klebsiella pneumoniae;RefSeq;RefSeq
CP049953.1;yes;Klebsiella pneumoniae;RefSeq;RefSeq
CP050078.1;yes;Citrobacter koseri;RefSeq;RefSeq
CP050336.1;yes;Klebsiella pneumoniae;RefSeq;RefSeq
CP050342.1;yes;Klebsiella pneumoniae;RefSeq;RefSeq
CP050348.1;yes;Klebsiella pneumoniae;RefSeq;RefSeq
CP050354.1;yes;Klebsiella pneumoniae;RefSeq;RefSeq
CP050360.1;yes;Klebsiella pneumoniae;RefSeq;RefSeq
CP050376.1;yes;Klebsiella pneumoniae;RefSeq;RefSeq
CP050455.1;yes;Klebsiella pneumoniae;RefSeq;RefSeq
CP050858.1;yes;Klebsiella pneumoniae;RefSeq;RefSeq
CP084783.1;yes;Klebsiella quasipneumoniae;RefSeq;RefSeq
CP051159.1;yes;Klebsiella pneumoniae;RefSeq;RefSeq
CP051490.1;yes;Klebsiella pneumoniae;RefSeq;RefSeq
CP052036.1;yes;Klebsiella pneumoniae;RefSeq;RefSeq
CP053016.1;yes;Klebsiella pneumoniae;RefSeq;RefSeq
CP053358.1;yes;Klebsiella pneumoniae;RefSeq;RefSeq
CP053364.1;yes;Klebsiella pneumoniae;RefSeq;RefSeq
CP053666.1;yes;Klebsiella pneumoniae;RefSeq;RefSeq
CP053765.1;yes;Klebsiella pneumoniae;RefSeq;RefSeq
CP053771.1;yes;Klebsiella pneumoniae;RefSeq;RefSeq
CP053875.1;yes;Klebsiella pneumoniae;RefSeq;RefSeq
CP054170.1;yes;Klebsiella pneumoniae;RefSeq;RefSeq
CP054285.1;yes;Klebsiella pneumoniae;RefSeq;RefSeq
CP054289.1;yes;Klebsiella pneumoniae;RefSeq;RefSeq
CP054303.1;yes;Klebsiella pneumoniae;RefSeq;RefSeq
CP073373.1;yes;Klebsiella sp.;RefSeq;RefSeq
CP054720.1;yes;Klebsiella pneumoniae;RefSeq;RefSeq
CP054726.1;yes;Klebsiella pneumoniae;RefSeq;RefSeq
CP054732.1;yes;Klebsiella pneumoniae;RefSeq;RefSeq
CP054738.1;yes;Klebsiella pneumoniae;RefSeq;RefSeq
CP054744.1;yes;Klebsiella pneumoniae;RefSeq;RefSeq
CP054750.1;yes;Klebsiella pneumoniae;RefSeq;RefSeq
CP054756.1;yes;Klebsiella pneumoniae;RefSeq;RefSeq
CP054762.1;yes;Klebsiella pneumoniae;RefSeq;RefSeq
CP054768.1;yes;Klebsiella pneumoniae;RefSeq;RefSeq
CP054774.1;yes;Klebsiella pneumoniae;RefSeq;RefSeq
CP054780.1;yes;Klebsiella pneumoniae;RefSeq;RefSeq
CP054984.1;yes;Klebsiella pneumoniae;RefSeq;RefSeq
CP055005.1;yes;Klebsiella pneumoniae;RefSeq;RefSeq
CP055087.1;yes;Klebsiella pneumoniae;RefSeq;RefSeq
CP056809.1;yes;Citrobacter freundii;RefSeq;RefSeq
CP056830.1;yes;Klebsiella pneumoniae;RefSeq;RefSeq
CP057459.1;yes;Klebsiella pneumoniae;RefSeq;RefSeq
CP058226.1;yes;Klebsiella pneumoniae;RefSeq;RefSeq
CP058358.1;yes;Klebsiella pneumoniae;RefSeq;RefSeq
CP058361.1;yes;Klebsiella pneumoniae;RefSeq;RefSeq
CP058857.1;yes;Klebsiella pneumoniae;RefSeq;RefSeq
CP059295.1;yes;Klebsiella pneumoniae;RefSeq;RefSeq
CP059391.1;yes;Klebsiella africana;RefSeq;RefSeq
CP059468.1;yes;Klebsiella pneumoniae;RefSeq;RefSeq
CP059889.1;yes;Klebsiella pneumoniae;RefSeq;RefSeq
CP060049.1;yes;Klebsiella pneumoniae;RefSeq;RefSeq
CP060281.1;yes;Klebsiella pneumoniae;RefSeq;RefSeq
CP060484.1;yes;Citrobacter koseri;RefSeq;RefSeq
CP061053.1;yes;Klebsiella pneumoniae;RefSeq;RefSeq
CP061062.1;yes;Klebsiella pneumoniae;RefSeq;RefSeq
CP061350.1;yes;Klebsiella pneumoniae;RefSeq;RefSeq
CP061354.1;yes;Klebsiella pneumoniae;RefSeq;RefSeq
CP061389.1;yes;Klebsiella pneumoniae;RefSeq;RefSeq
CP061399.1;yes;Klebsiella pneumoniae;RefSeq;RefSeq
CP061404.1;yes;Klebsiella pneumoniae;RefSeq;RefSeq
CP061700.1;yes;Klebsiella pneumoniae;RefSeq;RefSeq
CP061832.1;yes;Klebsiella pneumoniae;RefSeq;RefSeq
CP061952.1;yes;Klebsiella pneumoniae;RefSeq;RefSeq
CP061957.1;yes;Klebsiella pneumoniae;RefSeq;RefSeq
CP061961.1;yes;Klebsiella pneumoniae;RefSeq;RefSeq
CP061965.1;yes;Klebsiella pneumoniae;RefSeq;RefSeq
CP063003.1;yes;Klebsiella pneumoniae;RefSeq;RefSeq
CP063008.1;yes;Klebsiella pneumoniae;RefSeq;RefSeq
CP063011.1;yes;Klebsiella pneumoniae;RefSeq;RefSeq
CP063019.1;yes;Klebsiella pneumoniae;RefSeq;RefSeq
CP063147.1;yes;Klebsiella pneumoniae;RefSeq;RefSeq
CP063428.1;yes;Klebsiella pneumoniae;RefSeq;RefSeq
CP063747.1;yes;Klebsiella pneumoniae;RefSeq;RefSeq
CP063759.1;yes;Klebsiella pneumoniae;RefSeq;RefSeq
CP063878.1;yes;Klebsiella pneumoniae;RefSeq;RefSeq
CP063904.1;yes;Klebsiella pneumoniae;RefSeq;RefSeq
CP063913.1;yes;Klebsiella pneumoniae;RefSeq;RefSeq
CP063931.1;yes;Klebsiella pneumoniae;RefSeq;RefSeq
CP064211.1;yes;Klebsiella pneumoniae;RefSeq;RefSeq
CP064217.1;yes;Klebsiella pneumoniae;RefSeq;RefSeq
CP064223.1;yes;Klebsiella pneumoniae;RefSeq;RefSeq
CP064235.1;yes;Klebsiella pneumoniae;RefSeq;RefSeq
CP064241.1;yes;Klebsiella pneumoniae;RefSeq;RefSeq
CP064246.1;yes;Klebsiella pneumoniae;RefSeq;RefSeq
CP064252.1;yes;Klebsiella pneumoniae;RefSeq;RefSeq
CP064258.1;yes;Klebsiella pneumoniae;RefSeq;RefSeq
CP064352.1;yes;Klebsiella pneumoniae;RefSeq;RefSeq
CP064368.1;yes;Klebsiella pneumoniae;RefSeq;RefSeq
CP064768.1;yes;Klebsiella pneumoniae;RefSeq;RefSeq
CP065438.1;yes;Klebsiella pneumoniae;RefSeq;RefSeq
CP065441.1;yes;Klebsiella pneumoniae;RefSeq;RefSeq
CP065444.1;yes;Klebsiella pneumoniae;RefSeq;RefSeq
CP065447.1;yes;Klebsiella pneumoniae;RefSeq;RefSeq
CP065453.1;yes;Klebsiella pneumoniae;RefSeq;RefSeq
CP065460.1;yes;Klebsiella pneumoniae;RefSeq;RefSeq
CP065464.1;yes;Klebsiella pneumoniae;RefSeq;RefSeq
CP065554.1;yes;Klebsiella pneumoniae;RefSeq;RefSeq
CP065834.1;yes;Klebsiella pneumoniae;RefSeq;RefSeq
CP065949.1;yes;Klebsiella pneumoniae;RefSeq;RefSeq
CP066089.1;yes;Citrobacter koseri;RefSeq;RefSeq
CP066151.1;yes;Klebsiella pneumoniae;RefSeq;RefSeq
CP066249.1;yes;Klebsiella pneumoniae;RefSeq;RefSeq
CP066254.1;yes;Klebsiella pneumoniae;RefSeq;RefSeq
CP066517.1;yes;Klebsiella pneumoniae;RefSeq;RefSeq
CP066523.1;yes;Klebsiella pneumoniae;RefSeq;RefSeq
CP066528.1;yes;Klebsiella pneumoniae;RefSeq;RefSeq
CP066534.1;yes;Klebsiella pneumoniae;RefSeq;RefSeq
CP066543.1;yes;Klebsiella pneumoniae;RefSeq;RefSeq
CP066887.1;yes;Klebsiella pneumoniae;RefSeq;RefSeq
CP066891.1;yes;Klebsiella pneumoniae;RefSeq;RefSeq
CP066895.1;yes;Klebsiella pneumoniae;RefSeq;RefSeq
CP066900.1;yes;Klebsiella pneumoniae;RefSeq;RefSeq
CP066904.1;yes;Klebsiella pneumoniae;RefSeq;RefSeq
CP066910.1;yes;Klebsiella pneumoniae;RefSeq;RefSeq
CP066915.1;yes;Klebsiella pneumoniae;RefSeq;RefSeq
CP067045.1;yes;Klebsiella pneumoniae;RefSeq;RefSeq
CP067372.1;yes;Klebsiella pneumoniae;RefSeq;RefSeq
CP068139.1;yes;Klebsiella pneumoniae;RefSeq;RefSeq
CP068602.1;yes;Klebsiella pneumoniae;RefSeq;RefSeq
CP068614.1;yes;Klebsiella pneumoniae;RefSeq;RefSeq
CP068684.1;yes;Klebsiella pneumoniae;RefSeq;RefSeq
CP068689.1;yes;Klebsiella pneumoniae;RefSeq;RefSeq
CP068797.1;yes;Klebsiella pneumoniae;RefSeq;RefSeq
CP068972.1;yes;Klebsiella pneumoniae;RefSeq;RefSeq
CP068994.1;yes;Klebsiella pneumoniae;RefSeq;RefSeq
CP068997.1;yes;Klebsiella pneumoniae;RefSeq;RefSeq
CP069046.1;yes;Klebsiella pneumoniae;RefSeq;RefSeq
CP069170.1;yes;Klebsiella pneumoniae;RefSeq;RefSeq
CP069199.1;yes;Klebsiella pneumoniae;RefSeq;RefSeq
CP069203.1;yes;Klebsiella pneumoniae;RefSeq;RefSeq
CP069847.1;yes;Klebsiella pneumoniae;RefSeq;RefSeq
CP069873.1;yes;Klebsiella pneumoniae;RefSeq;RefSeq
CP069994.1;yes;Klebsiella pneumoniae;RefSeq;RefSeq
CP070015.1;yes;Klebsiella pneumoniae;RefSeq;RefSeq
CP070046.1;yes;Klebsiella pneumoniae;RefSeq;RefSeq
CP070092.1;yes;Klebsiella pneumoniae;RefSeq;RefSeq
CP070158.1;yes;Klebsiella pneumoniae;RefSeq;RefSeq
CP070169.1;yes;Klebsiella pneumoniae;RefSeq;RefSeq
CP070410.1;yes;Klebsiella pneumoniae;RefSeq;RefSeq
CP070415.1;yes;Klebsiella pneumoniae;RefSeq;RefSeq
CP070425.1;yes;Klebsiella pneumoniae;RefSeq;RefSeq
CP070430.1;yes;Klebsiella pneumoniae;RefSeq;RefSeq
CP070435.1;yes;Klebsiella pneumoniae;RefSeq;RefSeq
CP070445.1;yes;Klebsiella pneumoniae;RefSeq;RefSeq
CP070449.1;yes;Klebsiella pneumoniae;RefSeq;RefSeq
CP070459.1;yes;Klebsiella pneumoniae;RefSeq;RefSeq
CP070464.1;yes;Klebsiella pneumoniae;RefSeq;RefSeq
CP070528.1;yes;Klebsiella pneumoniae;RefSeq;RefSeq
CP070568.1;yes;Klebsiella pneumoniae;RefSeq;RefSeq
CP070579.1;yes;Klebsiella pneumoniae;RefSeq;RefSeq
CP070598.1;yes;Klebsiella pneumoniae;RefSeq;RefSeq
CP070602.1;yes;Klebsiella pneumoniae;RefSeq;RefSeq
CP070890.1;yes;Klebsiella pneumoniae;RefSeq;RefSeq
CP070970.1;yes;Klebsiella pneumoniae;RefSeq;RefSeq
CP071027.1;yes;Klebsiella pneumoniae;RefSeq;RefSeq
CP071080.1;yes;Klebsiella pneumoniae;RefSeq;RefSeq
CP071086.1;yes;Klebsiella pneumoniae;RefSeq;RefSeq
CP071252.1;yes;Klebsiella pneumoniae;RefSeq;RefSeq
CP071279.1;yes;Klebsiella pneumoniae;RefSeq;RefSeq
CP071324.1;yes;Klebsiella pneumoniae;RefSeq;RefSeq
CP071464.1;yes;Klebsiella pneumoniae;RefSeq;RefSeq
CP071819.1;yes;Klebsiella pneumoniae;RefSeq;RefSeq
CP072200.1;yes;Klebsiella pneumoniae;RefSeq;RefSeq
CP072403.1;yes;Klebsiella pneumoniae;RefSeq;RefSeq
CP072408.1;yes;Klebsiella pneumoniae;RefSeq;RefSeq
CP072413.1;yes;Klebsiella pneumoniae;RefSeq;RefSeq
CP072422.1;yes;Klebsiella pneumoniae;RefSeq;RefSeq
CP072463.1;yes;Klebsiella pneumoniae;RefSeq;RefSeq
CP072494.1;yes;Klebsiella pneumoniae;RefSeq;RefSeq
CP073377.1;yes;Klebsiella sp.;RefSeq;RefSeq
CP072555.1;yes;Klebsiella pneumoniae;RefSeq;RefSeq
CP072689.1;yes;Escherichia marmotae;RefSeq;RefSeq
CP072917.1;yes;Klebsiella pneumoniae;RefSeq;RefSeq
CP072925.1;yes;Klebsiella pneumoniae;RefSeq;RefSeq
CP072949.1;yes;Klebsiella pneumoniae;RefSeq;RefSeq
CP072996.1;yes;Klebsiella pneumoniae;RefSeq;RefSeq
CP073002.1;yes;Klebsiella pneumoniae;RefSeq;RefSeq
CP073302.1;yes;Klebsiella pneumoniae;RefSeq;RefSeq
CP073351.1;yes;Klebsiella pneumoniae;RefSeq;RefSeq
CP050958.1;yes;Klebsiella variicola;RefSeq;RefSeq
LR134235.1;yes;Klebsiella variicola;RefSeq;RefSeq
CP073783.1;yes;Klebsiella pneumoniae;RefSeq;RefSeq
CP073788.1;yes;Klebsiella pneumoniae;RefSeq;RefSeq
CP073917.1;yes;Klebsiella pneumoniae;RefSeq;RefSeq
CP074087.1;yes;Klebsiella pneumoniae;RefSeq;RefSeq
CP074116.1;yes;Klebsiella pneumoniae;RefSeq;RefSeq
CP074198.1;yes;Klebsiella pneumoniae;RefSeq;RefSeq
CP074199.1;yes;Klebsiella pneumoniae;RefSeq;RefSeq
CP074446.1;yes;Klebsiella aerogenes;RefSeq;RefSeq
CP074454.1;yes;Klebsiella pneumoniae;RefSeq;RefSeq
CP074517.1;yes;Klebsiella aerogenes;RefSeq;RefSeq
CP074528.1;yes;Klebsiella pneumoniae;RefSeq;RefSeq
CP074535.1;yes;Klebsiella pneumoniae;RefSeq;RefSeq
CP074539.1;yes;Klebsiella pneumoniae;RefSeq;RefSeq
CP074541.1;yes;Klebsiella pneumoniae;RefSeq;RefSeq
CP074553.1;yes;Klebsiella pneumoniae;RefSeq;RefSeq
CP074558.1;yes;Klebsiella pneumoniae;RefSeq;RefSeq
CP074561.1;yes;Klebsiella pneumoniae;RefSeq;RefSeq
CP074580.1;yes;Klebsiella pneumoniae;RefSeq;RefSeq
CP075307.1;yes;Klebsiella pneumoniae;RefSeq;RefSeq
CP075316.1;yes;Klebsiella pneumoniae;RefSeq;RefSeq
CP075491.1;yes;Citrobacter koseri;RefSeq;RefSeq
CP075591.1;yes;Klebsiella pneumoniae;RefSeq;RefSeq
CP075890.1;yes;Klebsiella pneumoniae;RefSeq;RefSeq
CP076008.1;yes;Klebsiella pneumoniae;RefSeq;RefSeq
CP076453.1;yes;Klebsiella pneumoniae;RefSeq;RefSeq
CP076518.1;yes;Klebsiella pneumoniae;RefSeq;RefSeq
CP023468.1;yes;Salmonella enterica;RefSeq;RefSeq
CP077763.1;yes;Klebsiella pneumoniae;RefSeq;RefSeq
CP077773.1;yes;Klebsiella pneumoniae;RefSeq;RefSeq
CP077779.1;yes;Klebsiella pneumoniae;RefSeq;RefSeq
CP077816.1;yes;Klebsiella pneumoniae;RefSeq;RefSeq
CP077818.1;yes;Klebsiella pneumoniae;RefSeq;RefSeq
CP078033.1;yes;Klebsiella pneumoniae;RefSeq;RefSeq
CP078122.1;yes;Klebsiella pneumoniae;RefSeq;RefSeq
CP079115.1;yes;Klebsiella pneumoniae;RefSeq;RefSeq
CP079138.1;yes;Klebsiella pneumoniae;RefSeq;RefSeq
CP079145.1;yes;Klebsiella pneumoniae;RefSeq;RefSeq
CP079150.1;yes;Klebsiella pneumoniae;RefSeq;RefSeq
CP079155.1;yes;Klebsiella pneumoniae;RefSeq;RefSeq
CP079164.1;yes;Klebsiella pneumoniae;RefSeq;RefSeq
CP079172.1;yes;Klebsiella pneumoniae;RefSeq;RefSeq
CP079179.1;yes;Klebsiella pneumoniae;RefSeq;RefSeq
CP079186.1;yes;Klebsiella pneumoniae;RefSeq;RefSeq
CP079208.1;yes;Klebsiella pneumoniae;RefSeq;RefSeq
CP079599.1;yes;Klebsiella pneumoniae;RefSeq;RefSeq
CP079606.1;yes;Klebsiella pneumoniae;RefSeq;RefSeq
CP079617.1;yes;Klebsiella pneumoniae;RefSeq;RefSeq
CP079624.1;yes;Klebsiella pneumoniae;RefSeq;RefSeq
CP079629.1;yes;Klebsiella pneumoniae;RefSeq;RefSeq
CP079635.1;yes;Klebsiella pneumoniae;RefSeq;RefSeq
CP079636.1;yes;Klebsiella pneumoniae;RefSeq;RefSeq
CP079642.1;yes;Klebsiella pneumoniae;RefSeq;RefSeq
CP079645.1;yes;Klebsiella pneumoniae;RefSeq;RefSeq
CP079655.1;yes;Klebsiella pneumoniae;RefSeq;RefSeq
CP079668.1;yes;Klebsiella pneumoniae;RefSeq;RefSeq
CP079673.1;yes;Klebsiella pneumoniae;RefSeq;RefSeq
CP079683.1;yes;Klebsiella pneumoniae;RefSeq;RefSeq
CP079692.1;yes;Klebsiella pneumoniae;RefSeq;RefSeq
CP079725.1;yes;Klebsiella pneumoniae;RefSeq;RefSeq
CP079807.1;yes;Klebsiella pneumoniae;RefSeq;RefSeq
CP080297.1;yes;Klebsiella pneumoniae;RefSeq;RefSeq
CP080303.1;yes;Klebsiella pneumoniae;RefSeq;RefSeq
CP080309.1;yes;Klebsiella pneumoniae;RefSeq;RefSeq
CP080346.1;yes;Klebsiella pneumoniae;RefSeq;RefSeq
CP080353.1;yes;Klebsiella pneumoniae;RefSeq;RefSeq
CP080584.1;yes;Klebsiella pneumoniae;RefSeq;RefSeq
CP081820.1;yes;Klebsiella pneumoniae;RefSeq;RefSeq
CP081865.1;yes;Klebsiella pneumoniae;RefSeq;RefSeq
CP081894.1;yes;Klebsiella pneumoniae;RefSeq;RefSeq
CP082001.1;yes;Klebsiella pneumoniae;RefSeq;RefSeq
CP082005.1;yes;Klebsiella pneumoniae;RefSeq;RefSeq
CP082010.1;yes;Klebsiella pneumoniae;RefSeq;RefSeq
CP082014.1;yes;Klebsiella pneumoniae;RefSeq;RefSeq
CP082019.1;yes;Klebsiella pneumoniae;RefSeq;RefSeq
CP082024.1;yes;Klebsiella pneumoniae;RefSeq;RefSeq
CP082029.1;yes;Klebsiella pneumoniae;RefSeq;RefSeq
CP082032.1;yes;Klebsiella pneumoniae;RefSeq;RefSeq
CP082037.1;yes;Klebsiella pneumoniae;RefSeq;RefSeq
CP082041.1;yes;Klebsiella pneumoniae;RefSeq;RefSeq
CP082154.1;yes;Klebsiella pneumoniae;RefSeq;RefSeq
CP082207.1;yes;Klebsiella pneumoniae;RefSeq;RefSeq
CP082211.1;yes;Klebsiella pneumoniae;RefSeq;RefSeq
CP082212.1;yes;Klebsiella pneumoniae;RefSeq;RefSeq
CP082240.1;yes;Klebsiella pneumoniae;RefSeq;RefSeq
CP082753.1;yes;Klebsiella pneumoniae;RefSeq;RefSeq
CP082759.1;yes;Klebsiella pneumoniae;RefSeq;RefSeq
CP082765.1;yes;Klebsiella pneumoniae;RefSeq;RefSeq
CP082796.1;yes;Klebsiella pneumoniae;RefSeq;RefSeq
CP082840.1;yes;Klebsiella pneumoniae;RefSeq;RefSeq
CP082898.1;yes;Klebsiella aerogenes;RefSeq;RefSeq
CP082936.1;yes;Klebsiella pneumoniae;RefSeq;RefSeq
CP082967.1;yes;Klebsiella pneumoniae;RefSeq;RefSeq
CP082975.1;yes;Klebsiella pneumoniae;RefSeq;RefSeq
CP082978.1;yes;Klebsiella pneumoniae;RefSeq;RefSeq
CP082985.1;yes;Klebsiella pneumoniae;RefSeq;RefSeq
CP082988.1;yes;Klebsiella pneumoniae;RefSeq;RefSeq
CP083000.1;yes;Klebsiella pneumoniae;RefSeq;RefSeq
CP083007.1;yes;Klebsiella pneumoniae;RefSeq;RefSeq
CP083011.1;yes;Klebsiella pneumoniae;RefSeq;RefSeq
CP083016.1;yes;Klebsiella pneumoniae;RefSeq;RefSeq
CP083021.1;yes;Klebsiella pneumoniae;RefSeq;RefSeq
CP083026.1;yes;Klebsiella pneumoniae;RefSeq;RefSeq
CP083036.1;yes;Klebsiella pneumoniae;RefSeq;RefSeq
CP083043.1;yes;Klebsiella pneumoniae;RefSeq;RefSeq
CP083047.1;yes;Klebsiella pneumoniae;RefSeq;RefSeq
CP083055.1;yes;Klebsiella pneumoniae;RefSeq;RefSeq
CP083443.1;yes;Klebsiella pneumoniae;RefSeq;RefSeq
CP083796.1;yes;Klebsiella pneumoniae;RefSeq;RefSeq
CP083932.1;yes;Klebsiella pneumoniae;RefSeq;RefSeq
CP084044.1;yes;Klebsiella pneumoniae;RefSeq;RefSeq
CP084168.1;yes;Klebsiella pneumoniae;RefSeq;RefSeq
CP084397.1;yes;Klebsiella pneumoniae;RefSeq;RefSeq
CP084479.1;yes;Klebsiella pneumoniae;RefSeq;RefSeq
CP084492.1;yes;Klebsiella pneumoniae;RefSeq;RefSeq
CP084497.1;yes;Klebsiella pneumoniae;RefSeq;RefSeq
CP084502.1;yes;Klebsiella pneumoniae;RefSeq;RefSeq
CP084705.1;yes;Klebsiella pneumoniae;RefSeq;RefSeq
CP084743.1;yes;Klebsiella pneumoniae;RefSeq;RefSeq
CP028169.1;yes;Salmonella enterica;RefSeq;RefSeq
CP084823.1;yes;Klebsiella pneumoniae;RefSeq;RefSeq
CP084852.1;yes;Klebsiella pneumoniae;RefSeq;RefSeq
CP084856.1;yes;Klebsiella pneumoniae;RefSeq;RefSeq
CP084859.1;yes;Klebsiella pneumoniae;RefSeq;RefSeq
CP084868.1;yes;Klebsiella pneumoniae;RefSeq;RefSeq
CP084870.1;yes;Klebsiella pneumoniae;RefSeq;RefSeq
CP084871.1;yes;Klebsiella pneumoniae;RefSeq;RefSeq
CP084984.1;yes;Klebsiella pneumoniae;RefSeq;RefSeq
CP084986.1;yes;Klebsiella pneumoniae;RefSeq;RefSeq
CP085631.1;yes;Klebsiella pneumoniae;RefSeq;RefSeq
CP085632.1;yes;Klebsiella pneumoniae;RefSeq;RefSeq
CP085740.1;yes;Klebsiella pneumoniae;RefSeq;RefSeq
CP085889.1;yes;Klebsiella pneumoniae;RefSeq;RefSeq
CP086416.1;yes;Klebsiella pneumoniae;RefSeq;RefSeq
CP086423.1;yes;Klebsiella pneumoniae;RefSeq;RefSeq
CP086431.1;yes;Klebsiella pneumoniae;RefSeq;RefSeq
CP086439.1;yes;Klebsiella pneumoniae;RefSeq;RefSeq
CP086447.1;yes;Klebsiella pneumoniae;RefSeq;RefSeq
CP086664.1;yes;Klebsiella pneumoniae;RefSeq;RefSeq
CP086724.1;yes;Klebsiella pneumoniae;RefSeq;RefSeq
CP087142.1;yes;Klebsiella pneumoniae;RefSeq;RefSeq
CP087146.1;yes;Klebsiella pneumoniae;RefSeq;RefSeq
CP087151.1;yes;Klebsiella pneumoniae;RefSeq;RefSeq
CP087606.1;yes;Klebsiella pneumoniae;RefSeq;RefSeq
CP087611.1;yes;Klebsiella pneumoniae;RefSeq;RefSeq
CP087623.1;yes;Klebsiella pneumoniae;RefSeq;RefSeq
CP087629.1;yes;Klebsiella pneumoniae;RefSeq;RefSeq
CP087634.1;yes;Klebsiella pneumoniae;RefSeq;RefSeq
CP087639.1;yes;Klebsiella pneumoniae;RefSeq;RefSeq
CP087645.1;yes;Klebsiella pneumoniae;RefSeq;RefSeq
CP087651.1;yes;Klebsiella pneumoniae;RefSeq;RefSeq
CP087657.1;yes;Klebsiella pneumoniae;RefSeq;RefSeq
CP087663.1;yes;Klebsiella pneumoniae;RefSeq;RefSeq
CP088269.1;yes;Klebsiella pneumoniae;RefSeq;RefSeq
CP088978.1;yes;Klebsiella pneumoniae;RefSeq;RefSeq
CP088988.1;yes;Klebsiella pneumoniae;RefSeq;RefSeq
CP088991.1;yes;Klebsiella pneumoniae;RefSeq;RefSeq
CP088997.1;yes;Klebsiella pneumoniae;RefSeq;RefSeq
CP089014.1;yes;Klebsiella pneumoniae;RefSeq;RefSeq
CP089427.1;yes;Klebsiella pneumoniae;RefSeq;RefSeq
CP089762.1;yes;Klebsiella pneumoniae;RefSeq;RefSeq
CP089765.1;yes;Klebsiella pneumoniae;RefSeq;RefSeq
CP089768.1;yes;Klebsiella pneumoniae;RefSeq;RefSeq
CP089771.1;yes;Klebsiella pneumoniae;RefSeq;RefSeq
CP089870.1;yes;Klebsiella pneumoniae;RefSeq;RefSeq
CP089989.1;yes;Klebsiella pneumoniae;RefSeq;RefSeq
CP090061.1;yes;Klebsiella pneumoniae;RefSeq;RefSeq
CP090126.1;yes;Klebsiella pneumoniae;RefSeq;RefSeq
CP090146.1;yes;Enterobacter hormaechei;RefSeq;RefSeq
CP090192.1;yes;Enterobacter hormaechei;RefSeq;RefSeq
CP090203.1;yes;Klebsiella pneumoniae;RefSeq;RefSeq
CP090222.1;yes;Klebsiella pneumoniae;RefSeq;RefSeq
CP090310.1;yes;Klebsiella pneumoniae;RefSeq;RefSeq
CP090343.1;yes;Klebsiella pneumoniae;RefSeq;RefSeq
CP090398.1;yes;Klebsiella pneumoniae;RefSeq;RefSeq
CP090432.1;yes;Klebsiella pneumoniae;RefSeq;RefSeq
CP090462.1;yes;Klebsiella pneumoniae;RefSeq;RefSeq
CP090468.1;yes;Klebsiella pneumoniae;RefSeq;RefSeq
CP090622.1;yes;Klebsiella pneumoniae;RefSeq;RefSeq
CP090796.1;yes;Enterobacter hormaechei;RefSeq;RefSeq
CP090834.1;yes;Klebsiella pneumoniae;RefSeq;RefSeq
CP091068.1;yes;Klebsiella pneumoniae;RefSeq;RefSeq
CP091153.1;yes;Klebsiella pneumoniae;RefSeq;RefSeq
CP091330.1;yes;Klebsiella pneumoniae;RefSeq;RefSeq
CP091823.1;yes;Klebsiella pneumoniae;RefSeq;RefSeq
CP091827.1;yes;Klebsiella pneumoniae;RefSeq;RefSeq
CP091828.1;yes;Klebsiella pneumoniae;RefSeq;RefSeq
CP091829.1;yes;Klebsiella pneumoniae;RefSeq;RefSeq
CP091846.1;yes;Klebsiella pneumoniae;RefSeq;RefSeq
CP091992.1;yes;Klebsiella pneumoniae;RefSeq;RefSeq
CP092077.1;yes;Klebsiella pneumoniae;RefSeq;RefSeq
CP092336.1;yes;Klebsiella pneumoniae;RefSeq;RefSeq
CP092536.1;yes;Klebsiella pneumoniae;RefSeq;RefSeq
CP092656.1;yes;Klebsiella pneumoniae;RefSeq;RefSeq
CP092694.1;yes;Klebsiella pneumoniae;RefSeq;RefSeq
CP092717.1;yes;Klebsiella pneumoniae;RefSeq;RefSeq
CP092786.1;yes;Klebsiella pneumoniae;RefSeq;RefSeq
CP092793.1;yes;Klebsiella pneumoniae;RefSeq;RefSeq
CP093151.1;yes;Klebsiella pneumoniae;RefSeq;RefSeq
CP093465.1;yes;Klebsiella pneumoniae;RefSeq;RefSeq
CP093471.1;yes;Klebsiella pneumoniae;RefSeq;RefSeq
CP093476.1;yes;Klebsiella pneumoniae;RefSeq;RefSeq
CP093481.1;yes;Klebsiella pneumoniae;RefSeq;RefSeq
CP093489.1;yes;Klebsiella pneumoniae;RefSeq;RefSeq
CP093495.1;yes;Klebsiella pneumoniae;RefSeq;RefSeq
CP093501.1;yes;Klebsiella pneumoniae;RefSeq;RefSeq
CP093852.1;yes;Klebsiella pneumoniae;RefSeq;RefSeq
CP093854.1;yes;Klebsiella pneumoniae;RefSeq;RefSeq
CP093856.1;yes;Klebsiella pneumoniae;RefSeq;RefSeq
CP094227.1;yes;Klebsiella pneumoniae;RefSeq;RefSeq
CP094237.1;yes;Klebsiella pneumoniae;RefSeq;RefSeq
CP094272.1;yes;Klebsiella aerogenes;RefSeq;RefSeq
CP094451.1;yes;Klebsiella pneumoniae;RefSeq;RefSeq
CP094940.1;yes;Klebsiella pneumoniae;RefSeq;RefSeq
CP094991.1;yes;Klebsiella pneumoniae;RefSeq;RefSeq
CP095121.1;yes;Klebsiella pneumoniae;RefSeq;RefSeq
CP095132.1;yes;Klebsiella pneumoniae;RefSeq;RefSeq
CP095140.1;yes;Klebsiella pneumoniae;RefSeq;RefSeq
CP095145.1;yes;Klebsiella pneumoniae;RefSeq;RefSeq
CP095150.1;yes;Klebsiella pneumoniae;RefSeq;RefSeq
CP095234.1;yes;Klebsiella pneumoniae;RefSeq;RefSeq
CP095240.1;yes;Klebsiella pneumoniae;RefSeq;RefSeq
CP095247.1;yes;Klebsiella pneumoniae;RefSeq;RefSeq
CP095253.1;yes;Klebsiella pneumoniae;RefSeq;RefSeq
CP095264.1;yes;Klebsiella pneumoniae;RefSeq;RefSeq
CP095421.1;yes;Klebsiella pneumoniae;RefSeq;RefSeq
CP095426.1;yes;Klebsiella pneumoniae;RefSeq;RefSeq
CP095428.1;yes;Klebsiella pneumoniae;RefSeq;RefSeq
CP095557.1;yes;Klebsiella pneumoniae;RefSeq;RefSeq
CP096810.1;yes;Klebsiella pneumoniae;RefSeq;RefSeq
CP096811.1;yes;Klebsiella pneumoniae;RefSeq;RefSeq
CP096814.1;yes;Klebsiella pneumoniae;RefSeq;RefSeq
CP097076.1;yes;Klebsiella pneumoniae;RefSeq;RefSeq
CP097079.1;yes;Klebsiella pneumoniae;RefSeq;RefSeq
CP097082.1;yes;Klebsiella pneumoniae;RefSeq;RefSeq
CP097190.1;yes;Klebsiella pneumoniae;RefSeq;RefSeq
CP097220.1;yes;Klebsiella pneumoniae;RefSeq;RefSeq
CP097223.1;yes;Klebsiella pneumoniae;RefSeq;RefSeq
CP097228.1;yes;Klebsiella pneumoniae;RefSeq;RefSeq
CP097232.1;yes;Klebsiella pneumoniae;RefSeq;RefSeq
CP097237.1;yes;Klebsiella pneumoniae;RefSeq;RefSeq
CP097385.1;yes;Klebsiella pneumoniae;RefSeq;RefSeq
CP097626.1;yes;Klebsiella pneumoniae;RefSeq;RefSeq
CP097654.1;yes;Klebsiella pneumoniae;RefSeq;RefSeq
CP097658.1;yes;Klebsiella pneumoniae;RefSeq;RefSeq
CP097660.1;yes;Klebsiella pneumoniae;RefSeq;RefSeq
CP097663.1;yes;Klebsiella pneumoniae;RefSeq;RefSeq
CP097670.1;yes;Klebsiella pneumoniae;RefSeq;RefSeq
CP097675.1;yes;Klebsiella pneumoniae;RefSeq;RefSeq
CP097679.1;yes;Klebsiella pneumoniae;RefSeq;RefSeq
CP097688.1;yes;Klebsiella pneumoniae;RefSeq;RefSeq
CP097692.1;yes;Klebsiella pneumoniae;RefSeq;RefSeq
CP097694.1;yes;Klebsiella pneumoniae;RefSeq;RefSeq
CP097697.1;yes;Klebsiella pneumoniae;RefSeq;RefSeq
CP097703.1;yes;Klebsiella pneumoniae;RefSeq;RefSeq
CP098159.1;yes;Klebsiella pneumoniae;RefSeq;RefSeq
CP098161.1;yes;Klebsiella pneumoniae;RefSeq;RefSeq
CP098165.1;yes;Klebsiella pneumoniae;RefSeq;RefSeq
CP098167.1;yes;Klebsiella pneumoniae;RefSeq;RefSeq
CP098335.1;yes;Klebsiella pneumoniae;RefSeq;RefSeq
CP098338.1;yes;Klebsiella pneumoniae;RefSeq;RefSeq
CP098340.1;yes;Klebsiella pneumoniae;RefSeq;RefSeq
CP098343.1;yes;Klebsiella pneumoniae;RefSeq;RefSeq
CP098347.1;yes;Klebsiella pneumoniae;RefSeq;RefSeq
CP098350.1;yes;Klebsiella pneumoniae;RefSeq;RefSeq
CP098352.1;yes;Klebsiella pneumoniae;RefSeq;RefSeq
CP098758.1;yes;Klebsiella pneumoniae;RefSeq;RefSeq
CP098769.1;yes;Klebsiella pneumoniae;RefSeq;RefSeq
CP098770.1;yes;Klebsiella pneumoniae;RefSeq;RefSeq
CP099413.1;yes;Klebsiella pneumoniae;RefSeq;RefSeq
CP099522.1;yes;Klebsiella pneumoniae;RefSeq;RefSeq
CP100072.1;yes;Klebsiella pneumoniae;RefSeq;RefSeq
CP100076.1;yes;Klebsiella pneumoniae;RefSeq;RefSeq
CP100084.1;yes;Klebsiella pneumoniae;RefSeq;RefSeq
CP100087.1;yes;Klebsiella pneumoniae;RefSeq;RefSeq
CP100094.1;yes;Klebsiella pneumoniae;RefSeq;RefSeq
CP100098.1;yes;Klebsiella pneumoniae;RefSeq;RefSeq
CP100102.1;yes;Klebsiella pneumoniae;RefSeq;RefSeq
CP100106.1;yes;Klebsiella pneumoniae;RefSeq;RefSeq
CP100110.1;yes;Klebsiella pneumoniae;RefSeq;RefSeq
CP100114.1;yes;Klebsiella pneumoniae;RefSeq;RefSeq
CP100129.1;yes;Klebsiella pneumoniae;RefSeq;RefSeq
CP100308.1;yes;Klebsiella pneumoniae;RefSeq;RefSeq
CP100312.1;yes;Klebsiella pneumoniae;RefSeq;RefSeq
CP100601.1;yes;Klebsiella pneumoniae;RefSeq;RefSeq
CP101533.1;yes;Klebsiella pneumoniae;RefSeq;RefSeq
CP101542.1;yes;Klebsiella pneumoniae;RefSeq;RefSeq
CP101554.1;yes;Klebsiella pneumoniae;RefSeq;RefSeq
CP101563.1;yes;Klebsiella pneumoniae;RefSeq;RefSeq
CP101567.1;yes;Klebsiella pneumoniae;RefSeq;RefSeq
CP101726.1;yes;Klebsiella pneumoniae;RefSeq;RefSeq
CP101764.1;yes;Klebsiella pneumoniae;RefSeq;RefSeq
CP101770.1;yes;Klebsiella pneumoniae;RefSeq;RefSeq
CP101776.1;yes;Klebsiella pneumoniae;RefSeq;RefSeq
CP101784.1;yes;Klebsiella pneumoniae;RefSeq;RefSeq
CP101790.1;yes;Klebsiella pneumoniae;RefSeq;RefSeq
CP101835.1;yes;Klebsiella pneumoniae;RefSeq;RefSeq
CP101877.1;yes;Klebsiella pneumoniae;RefSeq;RefSeq
CP102077.1;yes;Klebsiella pneumoniae;RefSeq;RefSeq
CP102186.1;yes;Klebsiella pneumoniae;RefSeq;RefSeq
CP102192.1;yes;Klebsiella pneumoniae;RefSeq;RefSeq
CP102390.1;yes;Klebsiella pneumoniae;RefSeq;RefSeq
CP102435.1;yes;Klebsiella pneumoniae;RefSeq;RefSeq
CP102546.1;yes;Klebsiella pneumoniae;RefSeq;RefSeq
CP102687.1;yes;Klebsiella pneumoniae;RefSeq;RefSeq
CP102833.1;yes;Klebsiella pneumoniae;RefSeq;RefSeq
CP102836.1;yes;Klebsiella pneumoniae;RefSeq;RefSeq
CP102841.1;yes;Klebsiella pneumoniae;RefSeq;RefSeq
CP102940.1;yes;Klebsiella pneumoniae;RefSeq;RefSeq
CP103315.1;yes;Klebsiella pneumoniae;RefSeq;RefSeq
CP103499.1;yes;Klebsiella pneumoniae;RefSeq;RefSeq
CP103560.1;yes;Klebsiella pneumoniae;RefSeq;RefSeq
CP103567.1;yes;Klebsiella pneumoniae;RefSeq;RefSeq
CP103605.1;yes;Klebsiella pneumoniae;RefSeq;RefSeq
CP103621.1;yes;Klebsiella pneumoniae;RefSeq;RefSeq
CP103639.1;yes;Klebsiella aerogenes;RefSeq;RefSeq
CP103731.1;yes;Klebsiella pneumoniae;RefSeq;RefSeq
CP104030.1;yes;Klebsiella pneumoniae;RefSeq;RefSeq
CP104312.1;yes;Klebsiella pneumoniae;RefSeq;RefSeq
CP104373.1;yes;Klebsiella pneumoniae;RefSeq;RefSeq
CP104471.1;yes;Enterobacter hormaechei;RefSeq;RefSeq
CP104551.1;yes;Klebsiella pneumoniae;RefSeq;RefSeq
CP104660.1;yes;Klebsiella pneumoniae;RefSeq;RefSeq
CP104766.1;yes;Klebsiella pneumoniae;RefSeq;RefSeq
CP106760.1;yes;Klebsiella pneumoniae;RefSeq;RefSeq
CP106886.1;yes;Klebsiella pneumoniae;RefSeq;RefSeq
CP106890.1;yes;Klebsiella pneumoniae;RefSeq;RefSeq
CP106906.1;yes;Klebsiella pneumoniae;RefSeq;RefSeq
CP106912.1;yes;Klebsiella pneumoniae;RefSeq;RefSeq
CP107014.1;yes;Klebsiella pneumoniae;RefSeq;RefSeq
CP107291.1;yes;Klebsiella pneumoniae;RefSeq;RefSeq
CP107297.1;yes;Klebsiella pneumoniae;RefSeq;RefSeq
CP107303.1;yes;Klebsiella pneumoniae;RefSeq;RefSeq
CP107308.1;yes;Klebsiella pneumoniae;RefSeq;RefSeq
CP107312.1;yes;Klebsiella pneumoniae;RefSeq;RefSeq
CP107320.1;yes;Klebsiella pneumoniae;RefSeq;RefSeq
CP107327.1;yes;Klebsiella pneumoniae;RefSeq;RefSeq
CP107334.1;yes;Klebsiella pneumoniae;RefSeq;RefSeq
CP107341.1;yes;Klebsiella pneumoniae;RefSeq;RefSeq
CP107345.1;yes;Klebsiella pneumoniae;RefSeq;RefSeq
CP107352.1;yes;Klebsiella pneumoniae;RefSeq;RefSeq
CP107359.1;yes;Klebsiella pneumoniae;RefSeq;RefSeq
CP107363.1;yes;Klebsiella pneumoniae;RefSeq;RefSeq
CP107367.1;yes;Klebsiella pneumoniae;RefSeq;RefSeq
CP107372.1;yes;Klebsiella pneumoniae;RefSeq;RefSeq
CP107379.1;yes;Klebsiella pneumoniae;RefSeq;RefSeq
CP107383.1;yes;Klebsiella pneumoniae;RefSeq;RefSeq
CP107390.1;yes;Klebsiella pneumoniae;RefSeq;RefSeq
CP107394.1;yes;Klebsiella pneumoniae;RefSeq;RefSeq
CP107398.1;yes;Klebsiella pneumoniae;RefSeq;RefSeq
CP107403.1;yes;Klebsiella pneumoniae;RefSeq;RefSeq
CP107408.1;yes;Klebsiella pneumoniae;RefSeq;RefSeq
CP107412.1;yes;Klebsiella pneumoniae;RefSeq;RefSeq
CP107417.1;yes;Klebsiella pneumoniae;RefSeq;RefSeq
CP107422.1;yes;Klebsiella pneumoniae;RefSeq;RefSeq
CP107426.1;yes;Klebsiella pneumoniae;RefSeq;RefSeq
CP107432.1;yes;Klebsiella pneumoniae;RefSeq;RefSeq
CP107436.1;yes;Klebsiella pneumoniae;RefSeq;RefSeq
CP107441.1;yes;Klebsiella pneumoniae;RefSeq;RefSeq
CP107447.1;yes;Klebsiella pneumoniae;RefSeq;RefSeq
CP107452.1;yes;Klebsiella pneumoniae;RefSeq;RefSeq
CP107458.1;yes;Klebsiella pneumoniae;RefSeq;RefSeq
CP107463.1;yes;Klebsiella pneumoniae;RefSeq;RefSeq
CP107468.1;yes;Klebsiella pneumoniae;RefSeq;RefSeq
CP107473.1;yes;Klebsiella pneumoniae;RefSeq;RefSeq
CP107478.1;yes;Klebsiella pneumoniae;RefSeq;RefSeq
CP107483.1;yes;Klebsiella pneumoniae;RefSeq;RefSeq
CP107488.1;yes;Klebsiella pneumoniae;RefSeq;RefSeq
CP107493.1;yes;Klebsiella pneumoniae;RefSeq;RefSeq
CP107503.1;yes;Klebsiella pneumoniae;RefSeq;RefSeq
CP107508.1;yes;Klebsiella pneumoniae;RefSeq;RefSeq
CP107513.1;yes;Klebsiella pneumoniae;RefSeq;RefSeq
CP107518.1;yes;Klebsiella pneumoniae;RefSeq;RefSeq
CP109607.1;yes;Klebsiella pneumoniae;RefSeq;RefSeq
CP109772.1;yes;Klebsiella pneumoniae;RefSeq;RefSeq
CP109948.1;yes;Klebsiella pneumoniae;RefSeq;RefSeq
CP109963.1;yes;Klebsiella pneumoniae;RefSeq;RefSeq
CP109973.1;yes;Klebsiella pneumoniae;RefSeq;RefSeq
CP109983.1;yes;Klebsiella pneumoniae;RefSeq;RefSeq
CP110193.1;yes;Klebsiella pneumoniae;RefSeq;RefSeq
CP110637.1;yes;Klebsiella pneumoniae;RefSeq;RefSeq
CP110967.1;yes;Klebsiella pneumoniae;RefSeq;RefSeq
CP113168.1;yes;Klebsiella pneumoniae;RefSeq;RefSeq
CP113178.1;yes;Klebsiella pneumoniae;RefSeq;RefSeq
CP114391.1;yes;Klebsiella pneumoniae;RefSeq;RefSeq
CP115831.1;yes;Klebsiella pneumoniae;RefSeq;RefSeq
CP116491.1;yes;Klebsiella pneumoniae;RefSeq;RefSeq
CP116903.1;yes;Klebsiella pneumoniae;RefSeq;RefSeq
CP117740.1;yes;Klebsiella pneumoniae;RefSeq;RefSeq
CP117745.1;yes;Klebsiella pneumoniae;RefSeq;RefSeq
CP118405.1;yes;Klebsiella pneumoniae;RefSeq;RefSeq
CP118901.1;yes;Klebsiella pneumoniae;RefSeq;RefSeq
CP118906.1;yes;Klebsiella pneumoniae;RefSeq;RefSeq
CP118927.1;yes;Citrobacter koseri;RefSeq;RefSeq
CP119013.1;yes;Klebsiella pneumoniae;RefSeq;RefSeq
CP119174.1;yes;Klebsiella pneumoniae;RefSeq;RefSeq
CP119332.1;yes;Klebsiella pneumoniae;RefSeq;RefSeq
CP119527.1;yes;Klebsiella pneumoniae;RefSeq;RefSeq
CP120847.1;yes;Klebsiella pneumoniae;RefSeq;RefSeq
CP120890.1;yes;Klebsiella pneumoniae;RefSeq;RefSeq
CP121090.1;yes;Klebsiella pneumoniae;RefSeq;RefSeq
CP121466.1;yes;Klebsiella pneumoniae;RefSeq;RefSeq
CP122342.1;yes;Klebsiella pneumoniae;RefSeq;RefSeq
CP122350.1;yes;Klebsiella pneumoniae;RefSeq;RefSeq
CP122356.1;yes;Klebsiella pneumoniae;RefSeq;RefSeq
CP122389.1;yes;Klebsiella pneumoniae;RefSeq;RefSeq
CP122578.1;yes;Klebsiella pneumoniae;RefSeq;RefSeq
CP122587.1;yes;Klebsiella pneumoniae;RefSeq;RefSeq
CP123040.1;yes;Klebsiella pneumoniae;RefSeq;RefSeq
CP123043.1;yes;Klebsiella pneumoniae;RefSeq;RefSeq
CP124698.1;yes;Klebsiella pneumoniae;RefSeq;RefSeq
CP124837.1;yes;Klebsiella pneumoniae;RefSeq;RefSeq
CP125083.1;yes;Klebsiella pneumoniae;RefSeq;RefSeq
CP125088.1;yes;Klebsiella pneumoniae;RefSeq;RefSeq
CP125334.1;yes;Klebsiella pneumoniae;RefSeq;RefSeq
CP125343.1;yes;Klebsiella pneumoniae;RefSeq;RefSeq
CP125349.1;yes;Klebsiella pneumoniae;RefSeq;RefSeq
CP126058.1;yes;Klebsiella pneumoniae;RefSeq;RefSeq
CP126987.1;yes;Klebsiella pneumoniae;RefSeq;RefSeq
CP127153.1;yes;Klebsiella pneumoniae;RefSeq;RefSeq
CP127229.1;yes;Klebsiella pneumoniae;RefSeq;RefSeq
CP127235.1;yes;Klebsiella pneumoniae;RefSeq;RefSeq
CP128191.1;yes;Klebsiella pneumoniae;RefSeq;RefSeq
D1964001;no;Yersinia pestis;Rascovan;Rascovan
D1964002;> 7 contigs;Yersinia pestis;Rascovan;Rascovan
D1982001;no;Yersinia pestis;Rascovan;Rascovan
D1991004;> 7 contigs;Yersinia pestis;Rascovan;Rascovan
DA101;yes;Yersinia pestis;Rascovan;Rascovan
E1977001;yes;Yersinia pestis;Rascovan;Rascovan
E1979001;yes;Yersinia pestis;Rascovan;Rascovan
Ellwangen549_O;yes;Yersinia pestis;Rascovan;Rascovan
F1946001;yes;Yersinia pestis;Rascovan;Rascovan
F1954001;yes;Yersinia pestis;Rascovan;Rascovan
F1984001;> 7 contigs;Yersinia pestis;Rascovan;Rascovan
F1991016;yes;Yersinia pestis;Rascovan;Rascovan
FO834906.1;yes;Klebsiella pneumoniae;RefSeq;RefSeq
FR997879.1;yes;Klebsiella pneumoniae;RefSeq;RefSeq
G1996006;yes;Yersinia pestis;Rascovan;Rascovan
G1996010;yes;Yersinia pestis;Rascovan;Rascovan
Gok2;yes;Yersinia pestis;Rascovan;Rascovan
Gyvakarai1;yes;Yersinia pestis;Rascovan;Rascovan
H1958004;no;Yersinia pestis;Rascovan;Rascovan
H1959004;yes;Yersinia pestis;Rascovan;Rascovan
I160001;no;Yersinia pestis;Rascovan;Rascovan
I1969003;yes;Yersinia pestis;Rascovan;Rascovan
I1970005;yes;Yersinia pestis;Rascovan;Rascovan
I1991001;yes;Yersinia pestis;Rascovan;Rascovan
I1994006;> 7 contigs;Yersinia pestis;Rascovan;Rascovan
I2001001;yes;Yersinia pestis;Rascovan;Rascovan
IP275;yes;Yersinia pestis;Rascovan;Rascovan
J1963002;yes;Yersinia pestis;Rascovan;Rascovan
J1978002;no;Yersinia pestis;Rascovan;Rascovan
K1973002;no;Yersinia pestis;Rascovan;Rascovan
K21985002;no;Yersinia pestis;Rascovan;Rascovan
KunilaII;yes;Yersinia pestis;Rascovan;Rascovan
KY454639.1;yes;Klebsiella pneumoniae;RefSeq;RefSeq
LBC10a;yes;Escherichia coli;GWAS;LBC
LBC11a;yes;Escherichia coli;GWAS;LBC
LBC13a;yes;Escherichia coli;GWAS;LBC
LBC14a;no;Escherichia coli;GWAS;LBC
LBC15a;no;Escherichia coli;GWAS;LBC
LBC16c;no;Escherichia coli;GWAS;LBC
LBC17c;yes;Escherichia coli;GWAS;LBC
LBC18b;yes;Escherichia coli;GWAS;LBC
LBC19a;yes;Escherichia coli;GWAS;LBC
LBC1a;yes;Escherichia coli;GWAS;LBC
LBC20a;no;Escherichia coli;GWAS;LBC
LBC23a;no;Escherichia coli;GWAS;LBC
LBC24a;yes;Escherichia coli;GWAS;LBC
LBC25a;yes;Escherichia coli;GWAS;LBC
LBC26b;no;Escherichia coli;GWAS;LBC
LBC27a;no;Escherichia coli;GWAS;LBC
LBC28a;yes;Escherichia coli;GWAS;LBC
LBC29a;yes;Escherichia coli;GWAS;LBC
LBC2a;yes;Escherichia coli;GWAS;LBC
LBC30a;no;Escherichia coli;GWAS;LBC
LBC31a;no;Escherichia coli;GWAS;LBC
LBC3a;yes;Escherichia coli;GWAS;LBC
LBC4b;no;Escherichia coli;GWAS;LBC
LBC5b;yes;Escherichia coli;GWAS;LBC
LBC6a;yes;Escherichia coli;GWAS;LBC
LBC7a;yes;Escherichia coli;GWAS;LBC
LBC9d;no;Escherichia coli;GWAS;LBC
LR130548.1;yes;Klebsiella pneumoniae;RefSeq;RefSeq
LR134160.1;yes;Yersinia pseudotuberculosis;RefSeq;RefSeq
LR134163.1;yes;Yersinia pseudotuberculosis;RefSeq;RefSeq
CP054715.1;yes;Salmonella enterica;RefSeq;RefSeq
LR134475.1;yes;Klebsiella aerogenes;RefSeq;RefSeq
LR607347.1;yes;Enterobacter hormaechei;RefSeq;RefSeq
LR607360.1;yes;Klebsiella pneumoniae;RefSeq;RefSeq
LR607368.1;yes;Klebsiella pneumoniae;RefSeq;RefSeq
LR745042.1;yes;Klebsiella pneumoniae;RefSeq;RefSeq
LR745045.1;yes;Klebsiella pneumoniae;RefSeq;RefSeq
LR792628.1;yes;Klebsiella pneumoniae;RefSeq;RefSeq
LR890254.1;yes;Klebsiella pneumoniae;RefSeq;RefSeq
LR890356.1;yes;Klebsiella pneumoniae;RefSeq;RefSeq
LR890422.1;yes;Klebsiella pneumoniae;RefSeq;RefSeq
LR890424.1;yes;Klebsiella pneumoniae;RefSeq;RefSeq
LR890446.1;yes;Klebsiella pneumoniae;RefSeq;RefSeq
LR890471.1;yes;Klebsiella pneumoniae;RefSeq;RefSeq
LR890500.1;yes;Klebsiella pneumoniae;RefSeq;RefSeq
LR890547.1;yes;Klebsiella pneumoniae;RefSeq;RefSeq
LR890616.1;yes;Klebsiella pneumoniae;RefSeq;RefSeq
LR890625.1;yes;Klebsiella pneumoniae;RefSeq;RefSeq
LR890648.1;yes;Klebsiella pneumoniae;RefSeq;RefSeq
LR890666.1;yes;Klebsiella pneumoniae;RefSeq;RefSeq
LR890702.1;yes;Klebsiella pneumoniae;RefSeq;RefSeq
LT216436.1;yes;Klebsiella pneumoniae;RefSeq;RefSeq
LT596221.1;yes;Yersinia pseudotuberculosis;RefSeq;RefSeq
MG05;yes;Yersinia pestis;Rascovan;Rascovan
MGJZ11;yes;Yersinia pestis;Rascovan;Rascovan
MGJZ12;yes;Yersinia pestis;Rascovan;Rascovan
MGJZ3;no;Yersinia pestis;Rascovan;Rascovan
MGJZ6;no;Yersinia pestis;Rascovan;Rascovan
MGJZ7;no;Yersinia pestis;Rascovan;Rascovan
MGJZ9;> 7 contigs;Yersinia pestis;Rascovan;Rascovan
Microtus_91001;yes;Yersinia pestis;Rascovan;Rascovan
Nepal516;no;Yersinia pestis;Rascovan;Rascovan
OBS124;yes;Yersinia pestis;Rascovan;Rascovan
OV049808.1;yes;Klebsiella pneumoniae;RefSeq;RefSeq
OV408202.1;yes;Klebsiella pneumoniae;RefSeq;RefSeq
OW969691.1;yes;Citrobacter koseri;RefSeq;RefSeq
OW970357.1;yes;Klebsiella pneumoniae;RefSeq;RefSeq
OW970365.1;yes;Klebsiella pneumoniae;RefSeq;RefSeq
OW970374.1;yes;Klebsiella pneumoniae;RefSeq;RefSeq
OW970413.1;yes;Klebsiella pneumoniae;RefSeq;RefSeq
OW970422.1;yes;Klebsiella pneumoniae;RefSeq;RefSeq
OW970430.1;yes;Klebsiella pneumoniae;RefSeq;RefSeq
OW970436.1;yes;Klebsiella pneumoniae;RefSeq;RefSeq
OW970444.1;yes;Klebsiella pneumoniae;RefSeq;RefSeq
OW970452.1;yes;Klebsiella pneumoniae;RefSeq;RefSeq
OW970478.1;yes;Klebsiella pneumoniae;RefSeq;RefSeq
OW970486.1;yes;Klebsiella pneumoniae;RefSeq;RefSeq
OW970492.1;yes;Klebsiella pneumoniae;RefSeq;RefSeq
OW970514.1;yes;Klebsiella pneumoniae;RefSeq;RefSeq
OW970530.1;yes;Klebsiella pneumoniae;RefSeq;RefSeq
OW970540.1;yes;Klebsiella pneumoniae;RefSeq;RefSeq
OW970553.1;yes;Klebsiella pneumoniae;RefSeq;RefSeq
OW970560.1;yes;Klebsiella pneumoniae;RefSeq;RefSeq
OW993922.1;yes;Klebsiella pneumoniae;RefSeq;RefSeq
OX337252.1;yes;Klebsiella pneumoniae;RefSeq;RefSeq
OX359182.1;yes;Klebsiella pneumoniae;RefSeq;RefSeq
PAR1-1;no;Escherichia coli;GWAS;PAR
PAR10-10;yes;Escherichia coli;GWAS;PAR
PAR11-2;yes;Escherichia coli;GWAS;PAR
PAR12-1;no;Escherichia coli;GWAS;PAR
PAR13-3;no;Escherichia coli;GWAS;PAR
PAR14-1;yes;Escherichia coli;GWAS;PAR
PAR15-1;yes;Escherichia coli;GWAS;PAR
PAR16-5;no;Escherichia coli;GWAS;PAR
PAR17-2;no;Escherichia coli;GWAS;PAR
PAR18-2;no;Escherichia coli;GWAS;PAR
PAR19-2;no;Escherichia coli;GWAS;PAR
PAR2-1;yes;Escherichia coli;GWAS;PAR
PAR20-1;yes;Escherichia coli;GWAS;PAR
PAR21-1;no;Escherichia coli;GWAS;PAR
PAR22-1;no;Escherichia coli;GWAS;PAR
PAR23-1;yes;Escherichia coli;GWAS;PAR
PAR24-10;no;Escherichia coli;GWAS;PAR
PAR25-7;no;Escherichia coli;GWAS;PAR
PAR26-4;yes;Escherichia coli;GWAS;PAR
PAR27-1;yes;Escherichia coli;GWAS;PAR
PAR3-1;no;Escherichia coli;GWAS;PAR
PAR4-1;no;Escherichia coli;GWAS;PAR
PAR5-1;no;Escherichia coli;GWAS;PAR
PAR6-1;yes;Escherichia coli;GWAS;PAR
PAR7-1;yes;Escherichia coli;GWAS;PAR
PAR8-1;yes;Escherichia coli;GWAS;PAR
PAR9-1;yes;Escherichia coli;GWAS;PAR
Post6;yes;Yersinia pestis;Rascovan;Rascovan
RISE505;yes;Yersinia pestis;Rascovan;Rascovan
RISE509;yes;Yersinia pestis;Rascovan;Rascovan
RK1001;yes;Yersinia pestis;Rascovan;Rascovan
ROAR340;yes;Escherichia coli;GWAS;ROAR
ROAR342;yes;Escherichia coli;GWAS;ROAR
ROAR343;yes;Escherichia coli;GWAS;ROAR
ROAR345;no;Escherichia coli;GWAS;ROAR
ROAR348;no;Escherichia coli;GWAS;ROAR
ROAR349;yes;Escherichia coli;GWAS;ROAR
ROAR352;no;Escherichia coli;GWAS;ROAR
ROAR354;no;Escherichia coli;GWAS;ROAR
ROAR355;yes;Escherichia coli;GWAS;ROAR
ROAR356;yes;Escherichia coli;GWAS;ROAR
ROAR357;yes;Escherichia coli;GWAS;ROAR
ROAR358;yes;Escherichia coli;GWAS;ROAR
ROAR361;no;Escherichia coli;GWAS;ROAR
ROAR363;no;Escherichia coli;GWAS;ROAR
ROAR364;yes;Escherichia coli;GWAS;ROAR
ROAR366;no;Escherichia coli;GWAS;ROAR
ROAR368;no;Escherichia coli;GWAS;ROAR
ROAR371;no;Escherichia coli;GWAS;ROAR
ROAR372;yes;Escherichia coli;GWAS;ROAR
ROAR375;yes;Escherichia coli;GWAS;ROAR
ROAR377;yes;Escherichia coli;GWAS;ROAR
ROAR381;yes;Escherichia coli;GWAS;ROAR
ROAR383;no;Escherichia coli;GWAS;ROAR
ROAR386;yes;Escherichia coli;GWAS;ROAR
ROAR387;no;Escherichia coli;GWAS;ROAR
ROAR389;yes;Escherichia coli;GWAS;ROAR
ROAR394;yes;Escherichia coli;GWAS;ROAR
ROAR395;yes;Escherichia coli;GWAS;ROAR
ROAR396;yes;Escherichia coli;GWAS;ROAR
ROAR398;yes;Escherichia coli;GWAS;ROAR
ROAR400;yes;Escherichia coli;GWAS;ROAR
ROAR402;yes;Escherichia coli;GWAS;ROAR
ROAR403;no;Escherichia coli;GWAS;ROAR
ROAR404;no;Escherichia coli;GWAS;ROAR
ROAR406;no;Escherichia coli;GWAS;ROAR
ROAR410;yes;Escherichia coli;GWAS;ROAR
ROAR411;no;Escherichia coli;GWAS;ROAR
ROAR414;yes;Escherichia coli;GWAS;ROAR
ROAR416;yes;Escherichia coli;GWAS;ROAR
ROAR417;no;Escherichia coli;GWAS;ROAR
ROAR420;yes;Escherichia coli;GWAS;ROAR
ROAR422;no;Escherichia coli;GWAS;ROAR
ROAR425;no;Escherichia coli;GWAS;ROAR
ROAR428;no;Escherichia coli;GWAS;ROAR
ROAR430;no;Escherichia coli;GWAS;ROAR
ROAR433;no;Escherichia coli;GWAS;ROAR
ROAR434;no;Escherichia coli;GWAS;ROAR
ROAR436;yes;Escherichia coli;GWAS;ROAR
ROAR437;no;Escherichia coli;GWAS;ROAR
ROAR440;no;Escherichia coli;GWAS;ROAR
SHAN11;yes;Yersinia pestis;Rascovan;Rascovan
SHAN12;yes;Yersinia pestis;Rascovan;Rascovan
UG05;yes;Yersinia pestis;Rascovan;Rascovan
VDG369;no;Escherichia coli;GWAS;VDG
VDG370;no;Escherichia coli;GWAS;VDG
VDG371;yes;Escherichia coli;GWAS;VDG
VDG373;no;Escherichia coli;GWAS;VDG
VDG374;no;Escherichia coli;GWAS;VDG
VDG375;yes;Escherichia coli;GWAS;VDG
VDG376;no;Escherichia coli;GWAS;VDG
VDG378;yes;Escherichia coli;GWAS;VDG
VDG379;no;Escherichia coli;GWAS;VDG
VDG381;no;Escherichia coli;GWAS;VDG
VDG383;yes;Escherichia coli;GWAS;VDG
VDG384;no;Escherichia coli;GWAS;VDG
VDG385;no;Escherichia coli;GWAS;VDG
VDG386;yes;Escherichia coli;GWAS;VDG
VDG387;yes;Escherichia coli;GWAS;VDG
VDG388;no;Escherichia coli;GWAS;VDG
VDG389;no;Escherichia coli;GWAS;VDG
VDG391;no;Escherichia coli;GWAS;VDG
VDG392;yes;Escherichia coli;GWAS;VDG
VDG393;no;Escherichia coli;GWAS;VDG
VDG395;yes;Escherichia coli;GWAS;VDG
VDG396;no;Escherichia coli;GWAS;VDG
VDG397;no;Escherichia coli;GWAS;VDG
VDG399;no;Escherichia coli;GWAS;VDG
VDG401;no;Escherichia coli;GWAS;VDG
VDG402;no;Escherichia coli;GWAS;VDG
VDG403;no;Escherichia coli;GWAS;VDG
VDG405;no;Escherichia coli;GWAS;VDG
VDG406;yes;Escherichia coli;GWAS;VDG
VDG408;no;Escherichia coli;GWAS;VDG
VDG409;yes;Escherichia coli;GWAS;VDG
VDG411;no;Escherichia coli;GWAS;VDG
VDG412;no;Escherichia coli;GWAS;VDG
VDG414;no;Escherichia coli;GWAS;VDG
VDG418;no;Escherichia coli;GWAS;VDG
VDG420;no;Escherichia coli;GWAS;VDG
VDG422;no;Escherichia coli;GWAS;VDG
VDG423;no;Escherichia coli;GWAS;VDG
VDG424;no;Escherichia coli;GWAS;VDG
VDG426;no;Escherichia coli;GWAS;VDG
VDG427;no;Escherichia coli;GWAS;VDG
VDG428;no;Escherichia coli;GWAS;VDG
VDG430;yes;Escherichia coli;GWAS;VDG
VDG431;yes;Escherichia coli;GWAS;VDG
VDG432;yes;Escherichia coli;GWAS;VDG
VDG433;yes;Escherichia coli;GWAS;VDG
VDG443;no;Escherichia coli;GWAS;VDG
VDG447;yes;Escherichia coli;GWAS;VDG
VDG448;yes;Escherichia coli;GWAS;VDG
VDG451;no;Escherichia coli;GWAS;VDG
VDG453;no;Escherichia coli;GWAS;VDG
VDG455;yes;Escherichia coli;GWAS;VDG
VDG457;yes;Escherichia coli;GWAS;VDG
YN1065;yes;Yersinia pestis;Rascovan;Rascovan
YN1683;no;Yersinia pestis;Rascovan;Rascovan
YN2179;yes;Yersinia pestis;Rascovan;Rascovan
YN2551;yes;Yersinia pestis;Rascovan;Rascovan
YN2588;yes;Yersinia pestis;Rascovan;Rascovan
YN472;yes;Yersinia pestis;Rascovan;Rascovan
YN663;yes;Yersinia pestis;Rascovan;Rascovan
India195;yes;Yersinia pestis;Rascovan;Rascovan
KIM;yes;Yersinia pestis;Rascovan;Rascovan
Pestoides_F;yes;Yersinia pestis;Rascovan;Rascovan